Club	Tournoi	Date début	Date fin	JUGE-ARBITRE	SURFACE(S)	PRIX EN ESPÈCE	PRIX EN LOTS	INSCRIPTIONS	PAIEMENT EN LIGNE	CODE	ENGAGEMENTS	INSTALLATIONS	Téléphone	Catégorie	Epreuve	Classement	Droits
TC LES LILAS	tournoi Noel	20/12/2025	04/01/2026	Pierre BODU	Résine	800€	150€	Oui	Oui	T 20265793041800161558	pierre.bodu@live.fr	93260_LES LILAS & ESPACE DE L AVENIR & 3 Boulevard Jean Jaurès & 93260 LES LILAS & 01 48 44 51 76	01 48 44 51 76	Senior	Simple Dames	Open	22€
TC LES LILAS	tournoi Noel	20/12/2025	04/01/2026	Pierre BODU	Résine	800€	150€	Oui	Oui	T 20265793041800161558	pierre.bodu@live.fr	93260_LES LILAS & ESPACE DE L AVENIR & 3 Boulevard Jean Jaurès & 93260 LES LILAS & 01 48 44 51 76	01 48 44 51 76	Senior	Simple Messieurs	Open	22€
TENNIS CLUB PARISIEN DE JOINVILLE	Tournoi Open Vacances Février TCPJ	23/02/2026	08/03/2026	Bruno HEBERT	Terre battue traditionnelle	0€	160€	Oui	Non	T 20265775012500187929	hebert.b@orange.fr	75012_PARIS & T.C.P.JOINVILLE & Route de la Pyramide & 75012 PARIS 12 & 01 43 28 73 60	12 01 43 28 73	13/14	Simple Messieurs	Open	25€
TENNIS CLUB PARISIEN DE JOINVILLE	Tournoi Open Vacances Février TCPJ	23/02/2026	08/03/2026	Bruno HEBERT	Terre battue traditionnelle	0€	160€	Oui	Non	T 20265775012500187929	hebert.b@orange.fr	75012_PARIS & T.C.P.JOINVILLE & Route de la Pyramide & 75012 PARIS 12 & 01 43 28 73 60	12 01 43 28 73	15/16	Simple Messieurs	Open	25€
TENNIS CLUB PARISIEN DE JOINVILLE	Tournoi Open Vacances Février TCPJ	23/02/2026	08/03/2026	Bruno HEBERT	Terre battue traditionnelle	0€	160€	Oui	Non	T 20265775012500187929	hebert.b@orange.fr	75012_PARIS & T.C.P.JOINVILLE & Route de la Pyramide & 75012 PARIS 12 & 01 43 28 73 60	12 01 43 28 73	17/18	Simple Messieurs	Open	25€
TENNIS CLUB PARISIEN DE JOINVILLE	Tournoi Open Vacances Février TCPJ	23/02/2026	08/03/2026	Bruno HEBERT	Terre battue traditionnelle	0€	160€	Oui	Non	T 20265775012500187929	hebert.b@orange.fr	75012_PARIS & T.C.P.JOINVILLE & Route de la Pyramide & 75012 PARIS 12 & 01 43 28 73 60	12 01 43 28 73	13/14	Simple Dames	Open	25€
TENNIS CLUB PARISIEN DE JOINVILLE	Tournoi Open Vacances Février TCPJ	23/02/2026	08/03/2026	Bruno HEBERT	Terre battue traditionnelle	0€	160€	Oui	Non	T 20265775012500187929	hebert.b@orange.fr	75012_PARIS & T.C.P.JOINVILLE & Route de la Pyramide & 75012 PARIS 12 & 01 43 28 73 60	12 01 43 28 73	17/18	Simple Dames	Open	25€
TENNIS CLUB PARISIEN DE JOINVILLE	Tournoi Open Vacances Février TCPJ	23/02/2026	08/03/2026	Bruno HEBERT	Terre battue traditionnelle	0€	160€	Oui	Non	T 20265775012500187929	hebert.b@orange.fr	75012_PARIS & T.C.P.JOINVILLE & Route de la Pyramide & 75012 PARIS 12 & 01 43 28 73 60	12 01 43 28 73	15/16	Simple Dames	Open	25€
TENNIS CLUB PARISIEN DE JOINVILLE	Tournoi Open Vacances Février TCPJ	23/02/2026	08/03/2026	Bruno HEBERT	Terre battue traditionnelle	0€	160€	Oui	Non	T 20265775012500187929	hebert.b@orange.fr	75012_PARIS & T.C.P.JOINVILLE & Route de la Pyramide & 75012 PARIS 12 & 01 43 28 73 60	12 01 43 28 73	Senior	Simple Messieurs	Open	28€ (Jeunes 25€)
TENNIS CLUB PARISIEN DE JOINVILLE	Tournoi Open Vacances Février TCPJ	23/02/2026	08/03/2026	Bruno HEBERT	Terre battue traditionnelle	0€	160€	Oui	Non	T 20265775012500187929	hebert.b@orange.fr	75012_PARIS & T.C.P.JOINVILLE & Route de la Pyramide & 75012 PARIS 12 & 01 43 28 73 60	12 01 43 28 73	Senior	Simple Dames	Open	28€ (Jeunes 25€)
TENNIS CLUB PARISIEN DE JOINVILLE	Tournoi Open Vacances Pâques TCPJ	20/04/2026	03/05/2026	Bruno HEBERT	Terre battue traditionnelle	0€	160€	Oui	Non	T 20265775012500187936	hebert.b@orange.fr	75012_PARIS & T.C.P.JOINVILLE & Route de la Pyramide & 75012 PARIS 12 & 01 43 28 73 60	12 01 43 28 73	17/18	Simple Messieurs	Open	25€
TENNIS CLUB PARISIEN DE JOINVILLE	Tournoi Open Vacances Pâques TCPJ	20/04/2026	03/05/2026	Bruno HEBERT	Terre battue traditionnelle	0€	160€	Oui	Non	T 20265775012500187936	hebert.b@orange.fr	75012_PARIS & T.C.P.JOINVILLE & Route de la Pyramide & 75012 PARIS 12 & 01 43 28 73 60	12 01 43 28 73	15/16	Simple Dames	Open	25€
TENNIS CLUB PARISIEN DE JOINVILLE	Tournoi Open Vacances Pâques TCPJ	20/04/2026	03/05/2026	Bruno HEBERT	Terre battue traditionnelle	0€	160€	Oui	Non	T 20265775012500187936	hebert.b@orange.fr	75012_PARIS & T.C.P.JOINVILLE & Route de la Pyramide & 75012 PARIS 12 & 01 43 28 73 60	12 01 43 28 73	Senior	Simple Dames	Open	28€ (Jeunes 25€)
TENNIS CLUB PARISIEN DE JOINVILLE	Tournoi Open Vacances Pâques TCPJ	20/04/2026	03/05/2026	Bruno HEBERT	Terre battue traditionnelle	0€	160€	Oui	Non	T 20265775012500187936	hebert.b@orange.fr	75012_PARIS & T.C.P.JOINVILLE & Route de la Pyramide & 75012 PARIS 12 & 01 43 28 73 60	12 01 43 28 73	Senior	Simple Messieurs	Open	28€ (Jeunes 25€)
TENNIS CLUB PARISIEN DE JOINVILLE	Tournoi Open Vacances Pâques TCPJ	20/04/2026	03/05/2026	Bruno HEBERT	Terre battue traditionnelle	0€	160€	Oui	Non	T 20265775012500187936	hebert.b@orange.fr	75012_PARIS & T.C.P.JOINVILLE & Route de la Pyramide & 75012 PARIS 12 & 01 43 28 73 60	12 01 43 28 73	15/16	Simple Messieurs	Open	25€
TENNIS CLUB PARISIEN DE JOINVILLE	Tournoi Open Vacances Pâques TCPJ	20/04/2026	03/05/2026	Bruno HEBERT	Terre battue traditionnelle	0€	160€	Oui	Non	T 20265775012500187936	hebert.b@orange.fr	75012_PARIS & T.C.P.JOINVILLE & Route de la Pyramide & 75012 PARIS 12 & 01 43 28 73 60	12 01 43 28 73	17/18	Simple Dames	Open	25€
TENNIS CLUB PARISIEN DE JOINVILLE	Tournoi Open Vacances Pâques TCPJ	20/04/2026	03/05/2026	Bruno HEBERT	Terre battue traditionnelle	0€	160€	Oui	Non	T 20265775012500187936	hebert.b@orange.fr	75012_PARIS & T.C.P.JOINVILLE & Route de la Pyramide & 75012 PARIS 12 & 01 43 28 73 60	12 01 43 28 73	13/14	Simple Dames	Open	25€
TENNIS CLUB PARISIEN DE JOINVILLE	Tournoi Open Vacances Pâques TCPJ	20/04/2026	03/05/2026	Bruno HEBERT	Terre battue traditionnelle	0€	160€	Oui	Non	T 20265775012500187936	hebert.b@orange.fr	75012_PARIS & T.C.P.JOINVILLE & Route de la Pyramide & 75012 PARIS 12 & 01 43 28 73 60	12 01 43 28 73	13/14	Simple Messieurs	Open	25€
AS TENNIS DE MONTREUIL	Tournoi Senior Dames Messieurs 30/2 à -4/6	20/02/2026	08/03/2026	Pierre BAROT	Résine	1 400€	0€	Oui	Oui	T 20265793050400179864	barot.pierre@gmail.com	Centre Arthur Ashe & 156 rue de la Nouvelle France & 93100 MONTREUIL		Senior	Simple Dames	Open	26€
AS TENNIS DE MONTREUIL	Tournoi Senior Dames Messieurs 30/2 à -4/6	20/02/2026	08/03/2026	Pierre BAROT	Résine	1 400€	0€	Oui	Oui	T 20265793050400179864	barot.pierre@gmail.com	Centre Arthur Ashe & 156 rue de la Nouvelle France & 93100 MONTREUIL		Senior	Simple Messieurs	Open	26€
LASA SPORT ORGANISATION	TMC MESSIEURS DIMANCHE 25/01/26 - LASA	25/01/2026	25/01/2026	Alexandre AVE	Résine / Béton poreux / Gazon	0€	0€	Oui	Oui	T 20265775055500167973	avealexandre@gmail.com	CENTRE ARTHUR ASHE & 158 RUE DE LA & NOUVELLE FRANCE & 93100 MONTREUIL & 06 71 91 18 74	06 71 91 18 74	Senior	Simple Messieurs	Open	50€
LASA SPORT ORGANISATION	TMC MESSIEURS DIMANCHE 15/02/26 - LASA	15/02/2026	15/02/2026	Alexandre AVE	Résine / Béton poreux / Gazon	0€	0€	Oui	Oui	T 20265775055500167985	avealexandre@gmail.com	CENTRE ARTHUR ASHE & 158 RUE DE LA & NOUVELLE FRANCE & 93100 MONTREUIL & 06 71 91 18 74	06 71 91 18 74	Senior	Simple Messieurs	Open	50€
LASA SPORT ORGANISATION	TMC MESSIEURS SAMEDI 31/01/26 - LASA SPORT	31/01/2026	31/01/2026	Alexandre AVE	Résine / Béton poreux / Gazon	0€	0€	Oui	Oui	T 20265775055500167976	avealexandre@gmail.com	CENTRE ARTHUR ASHE & 158 RUE DE LA & NOUVELLE FRANCE & 93100 MONTREUIL & 06 71 91 18 74	06 71 91 18 74	Senior	Simple Messieurs	Open	50€
LASA SPORT ORGANISATION	TMC MESSIEURS DIMANCHE 16/11/25 - LASA	16/11/2025	16/11/2025	Alexandre AVE	Résine / Béton poreux / Gazon	0€	0€	Oui	Oui	T 20265775055500167889	avealexandre@gmail.com	CENTRE ARTHUR ASHE & 158 RUE DE LA & NOUVELLE FRANCE & 93100 MONTREUIL & 06 71 91 18 74	06 71 91 18 74	Senior	Simple Messieurs	Open	50€
LASA SPORT ORGANISATION	TMC MESSIEURS DIMANCHE 04/01/26 - LASA	04/01/2026	04/01/2026	Alexandre AVE	Résine / Béton poreux / Gazon	0€	0€	Oui	Oui	T 20265775055500167962	avealexandre@gmail.com	CENTRE ARTHUR ASHE & 158 RUE DE LA & NOUVELLE FRANCE & 93100 MONTREUIL & 06 71 91 18 74	06 71 91 18 74	Senior	Simple Messieurs	Open	50€
LASA SPORT ORGANISATION	TMC MESSIEURS DIMANCHE 08/02/26 - LASA	08/02/2026	08/02/2026	Alexandre AVE	Résine / Béton poreux / Gazon	0€	0€	Oui	Oui	T 20265775055500167987	avealexandre@gmail.com	CENTRE ARTHUR ASHE & 158 RUE DE LA & NOUVELLE FRANCE & 93100 MONTREUIL & 06 71 91 18 74	06 71 91 18 74	Senior	Simple Messieurs	Open	50€
LASA SPORT ORGANISATION	TOURNOI - MASTERS LASA SPORT 2026 E7	07/04/2026	30/04/2026	Alexandre AVE	Résine / Béton poreux / Gazon	0€	150€	Oui	Oui	T 20265775055500167099	avealexandre@gmail.com	CENTRE ARTHUR ASHE & 158 RUE DE LA & NOUVELLE FRANCE & 93100 MONTREUIL & 06 71 91 18 74	06 71 91 18 74	Senior	Simple Dames	Open	28€
LASA SPORT ORGANISATION	TOURNOI - MASTERS LASA SPORT 2026 E7	07/04/2026	30/04/2026	Alexandre AVE	Résine / Béton poreux / Gazon	0€	150€	Oui	Oui	T 20265775055500167099	avealexandre@gmail.com	CENTRE ARTHUR ASHE & 158 RUE DE LA & NOUVELLE FRANCE & 93100 MONTREUIL & 06 71 91 18 74	06 71 91 18 74	Senior	Simple Messieurs	Open	28€
LASA SPORT ORGANISATION	TOURNOI - MASTERS LASA SPORT 2026 E7	07/04/2026	30/04/2026	Alexandre AVE	Résine / Béton poreux / Gazon	0€	150€	Oui	Oui	T 20265775055500167099	avealexandre@gmail.com	CENTRE ARTHUR ASHE & 158 RUE DE LA & NOUVELLE FRANCE & 93100 MONTREUIL & 06 71 91 18 74	06 71 91 18 74	35	Simple Messieurs	Open	28€
LASA SPORT ORGANISATION	TMC MESSIEURS SAMEDI 15/11/25 - LASA SPORT	15/11/2025	15/11/2025	Alexandre AVE	Résine / Béton poreux / Gazon	0€	0€	Oui	Oui	T 20265775055500167887	lor.schaeffer@gmail.com	CENTRE ARTHUR ASHE & 158 RUE DE LA & NOUVELLE FRANCE & 93100 MONTREUIL & 06 71 91 18 74	06 71 91 18 74	Senior	Simple Messieurs	Open	50€
LASA SPORT ORGANISATION	TMC MESSIEURS DIMANCHE 30/11/25 - LASA	30/11/2025	30/11/2025	Alexandre AVE	Résine / Béton poreux / Gazon	0€	0€	Oui	Oui	T 20265775055500167892	avealexandre@gmail.com	CENTRE ARTHUR ASHE & 158 RUE DE LA & NOUVELLE FRANCE & 93100 MONTREUIL & 06 71 91 18 74	06 71 91 18 74	Senior	Simple Messieurs	Open	50€
LASA SPORT ORGANISATION	TMC MESSIEURS DIMANCHE 14/12/25 - LASA	14/12/2025	14/12/2025	Alexandre AVE	Résine / Béton poreux / Gazon	0€	0€	Oui	Oui	T 20265775055500167895	lor.schaeffer@gmail.com	CENTRE ARTHUR ASHE & 158 RUE DE LA & NOUVELLE FRANCE & 93100 MONTREUIL & 06 71 91 18 74	06 71 91 18 74	Senior	Simple Messieurs	Open	50€
LASA SPORT ORGANISATION	TMC MESSIEURS DIMANCHE 18/01/26 - LASA	18/01/2026	18/01/2026	Alexandre AVE	Résine / Béton poreux / Gazon	0€	0€	Oui	Oui	T 20265775055500167970	avealexandre@gmail.com	CENTRE ARTHUR ASHE & 158 RUE DE LA & NOUVELLE FRANCE & 93100 MONTREUIL & 06 71 91 18 74	06 71 91 18 74	Senior	Simple Messieurs	Open	50€
LASA SPORT ORGANISATION	TMC MESSIEURS SAMEDI 06/12/25 - LASA SPORT	06/12/2025	06/12/2025	Alexandre AVE	Résine / Béton poreux / Gazon	0€	0€	Oui	Oui	T 20265775055500167893	lor.schaeffer@gmail.com	CENTRE ARTHUR ASHE & 158 RUE DE LA & NOUVELLE FRANCE & 93100 MONTREUIL & 06 71 91 18 74	06 71 91 18 74	Senior	Simple Messieurs	Open	50€
LASA SPORT ORGANISATION	TMC MESSIEURS SAMEDI 03/01/26 - LASA SPORT	03/01/2026	03/01/2026	Alexandre AVE	Résine / Béton poreux / Gazon	0€	0€	Oui	Oui	T 20265775055500167961	avealexandre@gmail.com	CENTRE ARTHUR ASHE & 158 RUE DE LA & NOUVELLE FRANCE & 93100 MONTREUIL & 06 71 91 18 74	06 71 91 18 74	Senior	Simple Messieurs	Open	50€
LASA SPORT ORGANISATION	TMC MESSIEURS SAMEDI 29/11/25 - LASA SPORT	29/11/2025	29/11/2025	Alexandre AVE	Résine / Béton poreux / Gazon	0€	0€	Oui	Oui	T 20265775055500167891	avealexandre@gmail.com	CENTRE ARTHUR ASHE & 158 RUE DE LA & NOUVELLE FRANCE & 93100 MONTREUIL & 06 71 91 18 74	06 71 91 18 74	Senior	Simple Messieurs	Open	50€
LASA SPORT ORGANISATION	TMC MESSIEURS SAMEDI 20/12/25 - LASA SPORT	20/12/2025	20/12/2025	Alexandre AVE	Résine / Béton poreux / Gazon	0€	0€	Oui	Oui	T 20265775055500167896	avealexandre@gmail.com	CENTRE ARTHUR ASHE & 158 RUE DE LA & NOUVELLE FRANCE & 93100 MONTREUIL & 06 71 91 18 74	06 71 91 18 74	Senior	Simple Messieurs	Open	50€
LASA SPORT ORGANISATION	TMC MESSIEURS DIMANCHE 11/01/26 - LASA	11/01/2026	11/01/2026	Alexandre AVE	Résine / Béton poreux / Gazon	0€	0€	Oui	Oui	T 20265775055500167967	avealexandre@gmail.com	CENTRE ARTHUR ASHE & 158 RUE DE LA & NOUVELLE FRANCE & 93100 MONTREUIL & 06 71 91 18 74	06 71 91 18 74	Senior	Simple Messieurs	Open	50€
LASA SPORT ORGANISATION	TMC MESSIEURS SAMEDI 08/11/25 - LASA SPORT	08/11/2025	08/11/2025	Alexandre AVE	Résine / Béton poreux / Gazon	0€	0€	Oui	Oui	T 20265775055500167884	avealexandre@gmail.com	CENTRE ARTHUR ASHE & 158 RUE DE LA & NOUVELLE FRANCE & 93100 MONTREUIL & 06 71 91 18 74	06 71 91 18 74	Senior	Simple Messieurs	Open	50€
LASA SPORT ORGANISATION	TMC MESSIEURS MARDI 11/11/25 - LASA SPORT	11/11/2025	11/11/2025	Alexandre AVE	Résine / Béton poreux / Gazon	0€	0€	Oui	Oui	T 20265775055500167886	avealexandre@gmail.com	CENTRE ARTHUR ASHE & 158 RUE DE LA & NOUVELLE FRANCE & 93100 MONTREUIL & 06 71 91 18 74	06 71 91 18 74	Senior	Simple Messieurs	Open	50€
LASA SPORT ORGANISATION	TOURNOI - MASTERS LASA SPORT 2026 E10	01/07/2026	19/07/2026	Alexandre AVE	Résine / Béton poreux / Gazon	0€	150€	Oui	Oui	T 20265775055500167102	lor.schaeffer@gmail.com	CENTRE ARTHUR ASHE & 158 RUE DE LA & NOUVELLE FRANCE & 93100 MONTREUIL & 06 71 91 18 74	06 71 91 18 74	35	Simple Messieurs	Open	28€
LASA SPORT ORGANISATION	TOURNOI - MASTERS LASA SPORT 2026 E10	01/07/2026	19/07/2026	Alexandre AVE	Résine / Béton poreux / Gazon	0€	150€	Oui	Oui	T 20265775055500167102	lor.schaeffer@gmail.com	CENTRE ARTHUR ASHE & 158 RUE DE LA & NOUVELLE FRANCE & 93100 MONTREUIL & 06 71 91 18 74	06 71 91 18 74	Senior	Simple Messieurs	Open	28€
LASA SPORT ORGANISATION	TOURNOI - MASTERS LASA SPORT 2026 E10	01/07/2026	19/07/2026	Alexandre AVE	Résine / Béton poreux / Gazon	0€	150€	Oui	Oui	T 20265775055500167102	lor.schaeffer@gmail.com	CENTRE ARTHUR ASHE & 158 RUE DE LA & NOUVELLE FRANCE & 93100 MONTREUIL & 06 71 91 18 74	06 71 91 18 74	Senior	Simple Dames	Open	28€
LASA SPORT ORGANISATION	TOURNOI - MASTERS LASA SPORT 2026 E8	19/05/2026	07/06/2026	Alexandre AVE	Résine / Béton poreux / Gazon	0€	150€	Oui	Oui	T 20265775055500167100	avealexandre@gmail.com	CENTRE ARTHUR ASHE & 158 RUE DE LA & NOUVELLE FRANCE & 93100 MONTREUIL & 06 71 91 18 74	06 71 91 18 74	Senior	Simple Messieurs	Open	28€
LASA SPORT ORGANISATION	TOURNOI - MASTERS LASA SPORT 2026 E8	19/05/2026	07/06/2026	Alexandre AVE	Résine / Béton poreux / Gazon	0€	150€	Oui	Oui	T 20265775055500167100	avealexandre@gmail.com	CENTRE ARTHUR ASHE & 158 RUE DE LA & NOUVELLE FRANCE & 93100 MONTREUIL & 06 71 91 18 74	06 71 91 18 74	Senior	Simple Dames	Open	28€
LASA SPORT ORGANISATION	TOURNOI - MASTERS LASA SPORT 2026 E8	19/05/2026	07/06/2026	Alexandre AVE	Résine / Béton poreux / Gazon	0€	150€	Oui	Oui	T 20265775055500167100	avealexandre@gmail.com	CENTRE ARTHUR ASHE & 158 RUE DE LA & NOUVELLE FRANCE & 93100 MONTREUIL & 06 71 91 18 74	06 71 91 18 74	35	Simple Messieurs	Open	28€
LASA SPORT ORGANISATION	TOURNOI - MASTERS LASA SPORT 2026 E9	09/06/2026	28/06/2026	Alexandre AVE	Résine / Béton poreux / Gazon	0€	150€	Oui	Oui	T 20265775055500167101	lor.schaeffer@gmail.com	CENTRE ARTHUR ASHE & 158 RUE DE LA & NOUVELLE FRANCE & 93100 MONTREUIL & 06 71 91 18 74	06 71 91 18 74	Senior	Simple Messieurs	Open	28€
LASA SPORT ORGANISATION	TOURNOI - MASTERS LASA SPORT 2026 E9	09/06/2026	28/06/2026	Alexandre AVE	Résine / Béton poreux / Gazon	0€	150€	Oui	Oui	T 20265775055500167101	lor.schaeffer@gmail.com	CENTRE ARTHUR ASHE & 158 RUE DE LA & NOUVELLE FRANCE & 93100 MONTREUIL & 06 71 91 18 74	06 71 91 18 74	35	Simple Messieurs	Open	28€
LASA SPORT ORGANISATION	TOURNOI - MASTERS LASA SPORT 2026 E9	09/06/2026	28/06/2026	Alexandre AVE	Résine / Béton poreux / Gazon	0€	150€	Oui	Oui	T 20265775055500167101	lor.schaeffer@gmail.com	CENTRE ARTHUR ASHE & 158 RUE DE LA & NOUVELLE FRANCE & 93100 MONTREUIL & 06 71 91 18 74	06 71 91 18 74	Senior	Simple Dames	Open	28€
LASA SPORT ORGANISATION	TOURNOI - MASTERS LASA SPORT 2026 E11	20/07/2026	09/08/2026	Alexandre AVE	Résine / Béton poreux / Gazon	0€	150€	Oui	Oui	T 20265775055500167103	lor.schaeffer@gmail.com	CENTRE ARTHUR ASHE & 158 RUE DE LA & NOUVELLE FRANCE & 93100 MONTREUIL & 06 71 91 18 74	06 71 91 18 74	35	Simple Messieurs	Open	28€
LASA SPORT ORGANISATION	TOURNOI - MASTERS LASA SPORT 2026 E11	20/07/2026	09/08/2026	Alexandre AVE	Résine / Béton poreux / Gazon	0€	150€	Oui	Oui	T 20265775055500167103	lor.schaeffer@gmail.com	CENTRE ARTHUR ASHE & 158 RUE DE LA & NOUVELLE FRANCE & 93100 MONTREUIL & 06 71 91 18 74	06 71 91 18 74	Senior	Simple Dames	Open	28€
LASA SPORT ORGANISATION	TOURNOI - MASTERS LASA SPORT 2026 E11	20/07/2026	09/08/2026	Alexandre AVE	Résine / Béton poreux / Gazon	0€	150€	Oui	Oui	T 20265775055500167103	lor.schaeffer@gmail.com	CENTRE ARTHUR ASHE & 158 RUE DE LA & NOUVELLE FRANCE & 93100 MONTREUIL & 06 71 91 18 74	06 71 91 18 74	Senior	Simple Messieurs	Open	28€
LASA SPORT ORGANISATION	TOURNOI - MASTERS LASA SPORT 2026 E12	10/08/2026	30/08/2026	Alexandre AVE	Résine / Béton poreux / Gazon	0€	150€	Oui	Oui	T 20265775055500167104	lor.schaeffer@gmail.com	CENTRE ARTHUR ASHE & 158 RUE DE LA & NOUVELLE FRANCE & 93100 MONTREUIL & 06 71 91 18 74	06 71 91 18 74	Senior	Simple Dames	Open	28€
LASA SPORT ORGANISATION	TOURNOI - MASTERS LASA SPORT 2026 E12	10/08/2026	30/08/2026	Alexandre AVE	Résine / Béton poreux / Gazon	0€	150€	Oui	Oui	T 20265775055500167104	lor.schaeffer@gmail.com	CENTRE ARTHUR ASHE & 158 RUE DE LA & NOUVELLE FRANCE & 93100 MONTREUIL & 06 71 91 18 74	06 71 91 18 74	Senior	Simple Messieurs	Open	28€
LASA SPORT ORGANISATION	TOURNOI - MASTERS LASA SPORT 2026 E12	10/08/2026	30/08/2026	Alexandre AVE	Résine / Béton poreux / Gazon	0€	150€	Oui	Oui	T 20265775055500167104	lor.schaeffer@gmail.com	CENTRE ARTHUR ASHE & 158 RUE DE LA & NOUVELLE FRANCE & 93100 MONTREUIL & 06 71 91 18 74	06 71 91 18 74	35	Simple Messieurs	Open	28€
LASA SPORT ORGANISATION	TOURNOI - MASTERS LASA SPORT 2026 E5	02/01/2026	19/02/2026	Alexandre AVE	Résine / Béton poreux / Gazon	0€	150€	Oui	Oui	T 20265775055500167097	avealexandre@gmail.com	CENTRE ARTHUR ASHE & 158 RUE DE LA & NOUVELLE FRANCE & 93100 MONTREUIL & 06 71 91 18 74	06 71 91 18 74	Senior	Simple Dames	Open	28€
LASA SPORT ORGANISATION	TOURNOI - MASTERS LASA SPORT 2026 E5	02/01/2026	19/02/2026	Alexandre AVE	Résine / Béton poreux / Gazon	0€	150€	Oui	Oui	T 20265775055500167097	avealexandre@gmail.com	CENTRE ARTHUR ASHE & 158 RUE DE LA & NOUVELLE FRANCE & 93100 MONTREUIL & 06 71 91 18 74	06 71 91 18 74	Senior	Simple Messieurs	Open	28€
LASA SPORT ORGANISATION	TOURNOI - MASTERS LASA SPORT 2026 E5	02/01/2026	19/02/2026	Alexandre AVE	Résine / Béton poreux / Gazon	0€	150€	Oui	Oui	T 20265775055500167097	avealexandre@gmail.com	CENTRE ARTHUR ASHE & 158 RUE DE LA & NOUVELLE FRANCE & 93100 MONTREUIL & 06 71 91 18 74	06 71 91 18 74	35	Simple Messieurs	Open	28€
LASA SPORT ORGANISATION	TMC MESSIEURS DIMANCHE 23/11/25 - LASA	23/11/2025	23/11/2025	Alexandre AVE	Résine / Béton poreux / Gazon	0€	0€	Oui	Oui	T 20265775055500167890	avealexandre@gmail.com	CENTRE ARTHUR ASHE & 158 RUE DE LA & NOUVELLE FRANCE & 93100 MONTREUIL & 06 71 91 18 74	06 71 91 18 74	Senior	Simple Messieurs	Open	50€
LASA SPORT ORGANISATION	TMC MESSIEURS DIMANCHE 07/12/25 - LASA	07/12/2025	07/12/2025	Alexandre AVE	Résine / Béton poreux / Gazon	0€	0€	Oui	Oui	T 20265775055500167894	avealexandre@gmail.com	CENTRE ARTHUR ASHE & 158 RUE DE LA & NOUVELLE FRANCE & 93100 MONTREUIL & 06 71 91 18 74	06 71 91 18 74	Senior	Simple Messieurs	Open	50€
LASA SPORT ORGANISATION	TMC MESSIEURS DIMANCHE 21/12/25 - LASA	21/12/2025	21/12/2025	Alexandre AVE	Résine / Béton poreux / Gazon	0€	0€	Oui	Oui	T 20265775055500167897	avealexandre@gmail.com	CENTRE ARTHUR ASHE & 158 RUE DE LA & NOUVELLE FRANCE & 93100 MONTREUIL & 06 71 91 18 74	06 71 91 18 74	Senior	Simple Messieurs	Open	50€
LASA SPORT ORGANISATION	TMC MESSIEURS SAMEDI 17/01/26 - LASA SPORT	17/01/2026	17/01/2026	Alexandre AVE	Résine / Béton poreux / Gazon	0€	0€	Oui	Oui	T 20265775055500167969	avealexandre@gmail.com	CENTRE ARTHUR ASHE & 158 RUE DE LA & NOUVELLE FRANCE & 93100 MONTREUIL & 06 71 91 18 74	06 71 91 18 74	Senior	Simple Messieurs	Open	50€
LASA SPORT ORGANISATION	TOURNOI - MASTERS LASA SPORT 2026 E6	09/03/2026	05/04/2026	Alexandre AVE	Résine / Béton poreux / Gazon	0€	150€	Oui	Oui	T 20265775055500167098	avealexandre@gmail.com	CENTRE ARTHUR ASHE & 158 RUE DE LA & NOUVELLE FRANCE & 93100 MONTREUIL & 06 71 91 18 74	06 71 91 18 74	Senior	Simple Messieurs	Open	28€
LASA SPORT ORGANISATION	TOURNOI - MASTERS LASA SPORT 2026 E6	09/03/2026	05/04/2026	Alexandre AVE	Résine / Béton poreux / Gazon	0€	150€	Oui	Oui	T 20265775055500167098	avealexandre@gmail.com	CENTRE ARTHUR ASHE & 158 RUE DE LA & NOUVELLE FRANCE & 93100 MONTREUIL & 06 71 91 18 74	06 71 91 18 74	35	Simple Messieurs	Open	28€
LASA SPORT ORGANISATION	TOURNOI - MASTERS LASA SPORT 2026 E6	09/03/2026	05/04/2026	Alexandre AVE	Résine / Béton poreux / Gazon	0€	150€	Oui	Oui	T 20265775055500167098	avealexandre@gmail.com	CENTRE ARTHUR ASHE & 158 RUE DE LA & NOUVELLE FRANCE & 93100 MONTREUIL & 06 71 91 18 74	06 71 91 18 74	Senior	Simple Dames	Open	28€
LASA SPORT ORGANISATION	TMC MESSIEURS SAMEDI 07/02/26 - LASA SPORT	07/02/2026	07/02/2026	Alexandre AVE	Résine / Béton poreux / Gazon	0€	0€	Oui	Oui	T 20265775055500167981	avealexandre@gmail.com	CENTRE ARTHUR ASHE & 158 RUE DE LA & NOUVELLE FRANCE & 93100 MONTREUIL & 06 71 91 18 74	06 71 91 18 74	Senior	Simple Messieurs	Open	50€
LASA SPORT ORGANISATION	TOURNOI - MASTERS LASA SPORT 2026 E4	01/11/2025	21/12/2025	Alexandre AVE	Terre artificielle / Résine / Béton	0€	150€	Oui	Oui	T 20265775055500167096	lor.schaeffer@gmail.com	CENTRE ARTHUR ASHE & 158 RUE DE LA & NOUVELLE FRANCE & 93100 MONTREUIL & 06 71 91 18 74	06 71 91 18 74	Senior	Simple Dames	Open	28€
LASA SPORT ORGANISATION	TOURNOI - MASTERS LASA SPORT 2026 E4	01/11/2025	21/12/2025	Alexandre AVE	Terre artificielle / Résine / Béton	0€	150€	Oui	Oui	T 20265775055500167096	lor.schaeffer@gmail.com	CENTRE ARTHUR ASHE & 158 RUE DE LA & NOUVELLE FRANCE & 93100 MONTREUIL & 06 71 91 18 74	06 71 91 18 74	35	Simple Messieurs	Open	28€
LASA SPORT ORGANISATION	TOURNOI - MASTERS LASA SPORT 2026 E4	01/11/2025	21/12/2025	Alexandre AVE	Terre artificielle / Résine / Béton	0€	150€	Oui	Oui	T 20265775055500167096	lor.schaeffer@gmail.com	CENTRE ARTHUR ASHE & 158 RUE DE LA & NOUVELLE FRANCE & 93100 MONTREUIL & 06 71 91 18 74	06 71 91 18 74	Senior	Simple Messieurs	Open	28€
RACING CLUB DE FRANCE	Tournoi Open Seniors	21/02/2026	08/03/2026	David KVESELAVA	Résine	1 440€	400€	Oui	Non	T 20265775001400185315	tournoi.rcf@gmail.com	RCF SAUSSURE & RCF Saussure & 154 rue de saussure & 75017 PARIS 17 & 01 47 63 99 26	17 01 47 63 99	Senior	Simple Messieurs	Open	30€ (Jeunes 25€)
RACING CLUB DE FRANCE	Tournoi Open Seniors	21/02/2026	08/03/2026	David KVESELAVA	Résine	1 440€	400€	Oui	Non	T 20265775001400185315	tournoi.rcf@gmail.com	RCF SAUSSURE & RCF Saussure & 154 rue de saussure & 75017 PARIS 17 & 01 47 63 99 26	17 01 47 63 99	Senior	Simple Dames	Open	30€ (Jeunes 25€)
MONTROUGE (CA)	Tournoi de double de Noël du CAM	22/12/2025	04/01/2026	Conrad COSTE	Terre battue traditionnelle	0€	0€	Oui	Oui	T 20265792016900187768	conrad.charles.coste@gmail.com	92120_MONTROUGE & 60 avenue Marx Dormoy & 92120 MONTROUGE & 01 46 57 59 00	01 46 57 59 00	Senior	Double Dames	Open	15€ (par joueur)
MONTROUGE (CA)	Tournoi de double de Noël du CAM	22/12/2025	04/01/2026	Conrad COSTE	Terre battue traditionnelle	0€	0€	Oui	Oui	T 20265792016900187768	conrad.charles.coste@gmail.com	92120_MONTROUGE & 60 avenue Marx Dormoy & 92120 MONTROUGE & 01 46 57 59 00	01 46 57 59 00	Senior	Double Mixte	Open	15€ (par joueur)
MONTROUGE (CA)	Tournoi de double de Noël du CAM	22/12/2025	04/01/2026	Conrad COSTE	Terre battue traditionnelle	0€	0€	Oui	Oui	T 20265792016900187768	conrad.charles.coste@gmail.com	92120_MONTROUGE & 60 avenue Marx Dormoy & 92120 MONTROUGE & 01 46 57 59 00	01 46 57 59 00	Senior	Double Messieurs	Open	15€ (par joueur)
MONTROUGE (CA)	Tournoi de double de Noël du CAM	22/12/2025	04/01/2026	Conrad COSTE	Terre battue traditionnelle	0€	0€	Oui	Oui	T 20265792016900187769	conrad.charles.coste@gmail.com	92120_MONTROUGE & 60 avenue Marx Dormoy & 92120 MONTROUGE & 01 46 57 59 00	01 46 57 59 00	Senior	Double Mixte	Open	15€ (par joueur)
MONTROUGE (CA)	Tournoi de double de Noël du CAM	22/12/2025	04/01/2026	Conrad COSTE	Terre battue traditionnelle	0€	0€	Oui	Oui	T 20265792016900187769	conrad.charles.coste@gmail.com	92120_MONTROUGE & 60 avenue Marx Dormoy & 92120 MONTROUGE & 01 46 57 59 00	01 46 57 59 00	Senior	Double Messieurs	Open	15€ (par joueur)
MONTROUGE (CA)	Tournoi de double de Noël du CAM	22/12/2025	04/01/2026	Conrad COSTE	Terre battue traditionnelle	0€	0€	Oui	Oui	T 20265792016900187769	conrad.charles.coste@gmail.com	92120_MONTROUGE & 60 avenue Marx Dormoy & 92120 MONTROUGE & 01 46 57 59 00	01 46 57 59 00	Senior	Double Dames	Open	15€ (par joueur)
TC COURNEUVIEN	TC Courneuvien	14/02/2026	01/03/2026	Gharib MELLOUK	Résine	1 475€	75€	Oui	Oui	T 20265793049200180119	ghary4@gmail.com	93120_LA COURNEUVE & TCC STADE GEO ANDRE & 124 rue Anatole France & 93120 LA COURNEUVE & 06 07 28 43 21	06 07 28 43 21	Senior	Simple Messieurs	Open	21€
TC COURNEUVIEN	TC Courneuvien	14/02/2026	01/03/2026	Gharib MELLOUK	Résine	1 475€	75€	Oui	Oui	T 20265793049200180119	ghary4@gmail.com	93120_LA COURNEUVE & TCC STADE GEO ANDRE & 124 rue Anatole France & 93120 LA COURNEUVE & 06 07 28 43 21	06 07 28 43 21	Senior	Simple Dames	Open	21€
COSMA ARCUEIL	30-15/2	27/11/2025	28/11/2025	Yohan LUGUEL	Résine	0€	20€	Oui	Oui	T 20265794002500188116	yohan.lg92@gmail.com	94110_ARCUEIL & stade louis frebault & rue du colonel fabien & 94110 ARCUEIL & 01 46 65 31 42	01 46 65 31 42	Senior	Simple Messieurs	Open	40€
COSMA ARCUEIL	30/2-15/4	13/11/2025	14/11/2025	Yohan LUGUEL	Résine	0€	20€	Oui	Oui	T 20265794002500188101	yohan.lg92@gmail.com	94110_ARCUEIL & stade louis frebault & rue du colonel fabien & 94110 ARCUEIL & 01 46 65 31 42	01 46 65 31 42	Senior	Simple Messieurs	Open	40€
TC NOGENT	Tournoi Open & 35 de l'Ile aux Loups	20/12/2025	04/01/2026	Gilles ROMAND	Terre artificielle / Terre battue	350€	150€	Oui	Oui	T 20265794017500186793	gilles.romand@iadfrance.fr	94130_NOGENT SUR MAR & 6 bis rue du port & 94130 NOGENT SUR MARNE & 01 48 71 29 06	01 48 71 29 06	Senior	Simple Dames	Open	25€ (Jeunes 20€)
TC NOGENT	Tournoi Open & 35 de l'Ile aux Loups	20/12/2025	04/01/2026	Gilles ROMAND	Terre artificielle / Terre battue	350€	150€	Oui	Oui	T 20265794017500186793	gilles.romand@iadfrance.fr	94130_NOGENT SUR MAR & 6 bis rue du port & 94130 NOGENT SUR MARNE & 01 48 71 29 06	01 48 71 29 06	35	Simple Messieurs	Open	25€
TC NOGENT	Tournoi Open & 35 de l'Ile aux Loups	20/12/2025	04/01/2026	Gilles ROMAND	Terre artificielle / Terre battue	350€	150€	Oui	Oui	T 20265794017500186793	gilles.romand@iadfrance.fr	94130_NOGENT SUR MAR & 6 bis rue du port & 94130 NOGENT SUR MARNE & 01 48 71 29 06	01 48 71 29 06	Senior	Simple Messieurs	Open	25€ (Jeunes 20€)
TC VILLEMOMBLE SPORTS	TMC MESSIEURS 3ÈME SÉRIE	29/12/2025	30/12/2025	Marion MARSIGLIO	Résine	0€	30€	Oui	Oui	T 20265793027300188603	marionm1706@icloud.com	Stade Alain Mimoun & 38 bis rue des deux communes & 93250 VILLEMOMBLE		Senior	Simple Messieurs	Open	30€ (Jeunes 28€)
C.A.L. TC L'HAY LES ROSES	NC -> 4/6 l'Haÿ-les-Roses	18/12/2025	04/01/2026	Guillaume APRAHAMIAN	Résine	200€	0€	Oui	Oui	T 20265794012000162046	tenniscallhay@gmail.com	CAL TC - intérieur & 42 avenue du Général de Gaulle & 94240 L HAY LES ROSES & 01 46 65 64 00	01 46 65 64 00	Senior	Simple Messieurs	Open	25€ (Jeunes 20€)
GENNEVILLOIS (TC)	Tournoi open Senior TCG	14/02/2026	04/03/2026	Sébastien MAGNE	Terre artificielle / Résine	1 200€	0€	Oui	Oui	T 20265792001700183503	sebastien.magne@fft.fr	92230_GENNEVILLIERS & Parc des Sévines & Rue Charles Lacoste & 92230 GENNEVILLIERS & 01 40 85 18 79	01 40 85 18 79	Senior	Simple Dames	Open	22€ (Jeunes 20€)
GENNEVILLOIS (TC)	Tournoi open Senior TCG	14/02/2026	04/03/2026	Sébastien MAGNE	Terre artificielle / Résine	1 200€	0€	Oui	Oui	T 20265792001700183503	sebastien.magne@fft.fr	92230_GENNEVILLIERS & Parc des Sévines & Rue Charles Lacoste & 92230 GENNEVILLIERS & 01 40 85 18 79	01 40 85 18 79	Senior	Simple Messieurs	Open	22€ (Jeunes 20€)
AS BONDY	TOURNOI BONDY TMC 30.2 A 15.4	23/02/2026	25/02/2026	Alain RENARD	Résine / Béton poreux	0€	40€	Oui	Oui	T 20265793003400166388	renardalain27@gmail.com	93140_BONDY & Stade Maurice PETITJEAN & 137 Avenue Henri Barbusse & 93140 BONDY & 01 48 48 82 24	01 48 48 82 24	Senior	Simple Messieurs	Open	28€ (Jeunes 25€)
AS BONDY	TMC BONDY DOUBLE MESSIEURS	21/12/2025	21/12/2025	Alain RENARD	Résine	0€	100€	Oui	Oui	T 20265793003400179919	renardalain27@gmail.com	93140_BONDY & Stade Maurice PETITJEAN & 137 Avenue Henri Barbusse & 93140 BONDY & 01 48 48 82 24	01 48 48 82 24	Senior	Double Messieurs	Open	30€ (Jeunes 25€) (par joueur)
AS BONDY	TMC MESSIEURS 30.2 A 15.3	02/01/2026	04/01/2026	Alain RENARD	Résine	0€	100€	Oui	Oui	T 20265793003400179683	renardalain27@gmail.com	93140_BONDY & Stade Maurice PETITJEAN & 137 Avenue Henri Barbusse & 93140 BONDY & 01 48 48 82 24	01 48 48 82 24	Senior	Simple Messieurs	Open	30€ (Jeunes 25€)
AS BONDY	TMC DOUBLE MESSIEURS PRINTEMPS	19/04/2026	19/04/2026	Alain RENARD	Résine / Béton poreux	80€	0€	Oui	Oui	T 20265793003400183530	renardalain27@gmail.com	93140_BONDY & Stade Maurice PETITJEAN & 137 Avenue Henri Barbusse & 93140 BONDY & 01 48 48 82 24	01 48 48 82 24	Senior	Double Messieurs	Open	25€ (Jeunes 18€) (par joueur)
AS BONDY	TOURNOI BONDY DOUBLE MESSIEURS 30.3 A 15.5	23/11/2025	23/11/2025	Alain RENARD	Résine	0€	100€	Oui	Oui	T 20265793003400179877	renardalain27@gmail.com	93140_BONDY & Stade Maurice PETITJEAN & 137 Avenue Henri Barbusse & 93140 BONDY & 01 48 48 82 24	01 48 48 82 24	Senior	Double Messieurs	Open	30€ (Jeunes 25€) (par joueur)
TENNIS CLUB DE PARIS	COUPE CANET	20/12/2025	03/01/2026	Jean yves TROUVE	Résine	2 400€	0€	Oui	Oui	T 20265775024700184607	jeanyves.trouve@free.fr	TCP & 15 avenue Félix d'Herelle & 75016 PARIS 16 & 01 46 47 73 90	16 01 46 47 73	Senior	Simple Messieurs	Open	25€ (Jeunes 20€)
TENNIS CLUB DE PARIS	COUPE CANET	20/12/2025	03/01/2026	Jean yves TROUVE	Résine	2 400€	0€	Oui	Oui	T 20265775024700184607	jeanyves.trouve@free.fr	TCP & 15 avenue Félix d'Herelle & 75016 PARIS 16 & 01 46 47 73 90	16 01 46 47 73	Senior	Simple Dames	Open	25€ (Jeunes 20€)
NEUILLY PLAISANCE SPORTS	OPEN HIVER ADULTE NEUILLY PLAISANCE 30/1 - 0	21/12/2025	04/01/2026	Pierre BAROT	Résine	500€	0€	Oui	Oui	T 20265793046900161655	barot.pierre@gmail.com	93360_NEUILLY PLAISA & 27 rue Marguerite & 93360 NEUILLY PLAISANCE & 06 38 87 30 50	06 38 87 30 50	Senior	Simple Messieurs	Open	22€
NEUILLY PLAISANCE SPORTS	OPEN HIVER ADULTE NEUILLY PLAISANCE 30/1 - 0	21/12/2025	04/01/2026	Pierre BAROT	Résine	500€	0€	Oui	Oui	T 20265793046900161655	barot.pierre@gmail.com	93360_NEUILLY PLAISA & 27 rue Marguerite & 93360 NEUILLY PLAISANCE & 06 38 87 30 50	06 38 87 30 50	Senior	Simple Dames	Open	22€
MENIL (TC DU)	Tournoi Open Journée Uniquement	19/01/2026	07/02/2026	Jérôme PITHOIS	Résine	1 200€	100€	Oui	Oui	T 20265792039300181894	jeromepithois@yahoo.fr	Tennis club du Ménil & 86 bis Rue du Ménil & 92600 ASNIERES SUR SEINE & 01 47 99 22 99	01 47 99 22 99	Senior	Simple Dames	Open	25€
MENIL (TC DU)	Tournoi Open Journée Uniquement	19/01/2026	07/02/2026	Jérôme PITHOIS	Résine	1 200€	100€	Oui	Oui	T 20265792039300181894	jeromepithois@yahoo.fr	Tennis club du Ménil & 86 bis Rue du Ménil & 92600 ASNIERES SUR SEINE & 01 47 99 22 99	01 47 99 22 99	Senior	Simple Messieurs	Open	25€
COUNTRY SPORTS CLUB ASSOCIATION	Open Journée Hommes / Femmes	17/11/2025	12/12/2025	Sophie CRIE	Terre battue traditionnelle	100€	0€	Oui	Oui	T 20265794051800176359	sophie.crie@fft.fr	94170_LE PERREUX SUR & 65 quai d'artois & 94170 LE PERREUX SUR MARNE & 01 43 24 27 78	01 43 24 27 78	Senior	Simple Dames	Open	26€
COUNTRY SPORTS CLUB ASSOCIATION	Open Journée Hommes / Femmes	17/11/2025	12/12/2025	Sophie CRIE	Terre battue traditionnelle	100€	0€	Oui	Oui	T 20265794051800176359	sophie.crie@fft.fr	94170_LE PERREUX SUR & 65 quai d'artois & 94170 LE PERREUX SUR MARNE & 01 43 24 27 78	01 43 24 27 78	Senior	Simple Messieurs	Open	26€
COUNTRY SPORTS CLUB ASSOCIATION	Open Journée Hommes	19/01/2026	06/02/2026	Sophie CRIE	Terre battue traditionnelle	100€	0€	Oui	Oui	T 20265794051800176361	sophie.crie@fft.fr	94170_LE PERREUX SUR & 65 quai d'artois & 94170 LE PERREUX SUR MARNE & 01 43 24 27 78	01 43 24 27 78	Senior	Simple Messieurs	Open	26€
COUNTRY SPORTS CLUB ASSOCIATION	Double Tennis Tour 4ème série Messieurs	08/11/2025	08/11/2025	Jules ANNEQUIT	Terre battue traditionnelle	0€	0€	Oui	Oui	T 20265794051800182016	jules.lecountry@gmail.com	94170_LE PERREUX SUR & 65 quai d'artois & 94170 LE PERREUX SUR MARNE & 01 43 24 27 78	01 43 24 27 78	Senior	Double Messieurs	Open	25€ (par joueur)
TC NEUILLY SUR MARNE	TMC 30- 15/3	29/12/2025	31/12/2025	Christophe DECHAUX	Résine / Béton poreux	0€	100€	Oui	Oui	T 20265793017200175891	christophe.dechaux@fft.fr	93330_NEUILLY SUR MA & 35 rue du 11 Novembr & 93330 NEUILLY SUR MARNE & 01 43 08 58 05	01 43 08 58 05	Senior	Simple Messieurs	Open	25€ (Jeunes 20€)
RED STAR CLUB DE CHAMPIGNY	Tournoi Hiver Sénior & Séniors Plus RSC Champigny	28/02/2026	15/03/2026	Gilles ROMAND	Résine / Béton poreux / Terre battue	1 200€	100€	Oui	Oui	T 20265794001000174783	gilles.romand@iadfrance.fr	RSC CHAMPIGNY TENNIS & Stade Nelson Mandela & 134 rue Bernau & 94500 CHAMPIGNY SUR MARNE & 01 49 83 77 76	01 49 83 77 76	35	Simple Dames	Open	23€
RED STAR CLUB DE CHAMPIGNY	Tournoi Hiver Sénior & Séniors Plus RSC Champigny	28/02/2026	15/03/2026	Gilles ROMAND	Résine / Béton poreux / Terre battue	1 200€	100€	Oui	Oui	T 20265794001000174783	gilles.romand@iadfrance.fr	RSC CHAMPIGNY TENNIS & Stade Nelson Mandela & 134 rue Bernau & 94500 CHAMPIGNY SUR MARNE & 01 49 83 77 76	01 49 83 77 76	65	Simple Messieurs	Open	23€
RED STAR CLUB DE CHAMPIGNY	Tournoi Hiver Sénior & Séniors Plus RSC Champigny	28/02/2026	15/03/2026	Gilles ROMAND	Résine / Béton poreux / Terre battue	1 200€	100€	Oui	Oui	T 20265794001000174783	gilles.romand@iadfrance.fr	RSC CHAMPIGNY TENNIS & Stade Nelson Mandela & 134 rue Bernau & 94500 CHAMPIGNY SUR MARNE & 01 49 83 77 76	01 49 83 77 76	45	Simple Messieurs	Open	23€
RED STAR CLUB DE CHAMPIGNY	Tournoi Hiver Sénior & Séniors Plus RSC Champigny	28/02/2026	15/03/2026	Gilles ROMAND	Résine / Béton poreux / Terre battue	1 200€	100€	Oui	Oui	T 20265794001000174783	gilles.romand@iadfrance.fr	RSC CHAMPIGNY TENNIS & Stade Nelson Mandela & 134 rue Bernau & 94500 CHAMPIGNY SUR MARNE & 01 49 83 77 76	01 49 83 77 76	45	Simple Dames	Open	23€
RED STAR CLUB DE CHAMPIGNY	Tournoi Hiver Sénior & Séniors Plus RSC Champigny	28/02/2026	15/03/2026	Gilles ROMAND	Résine / Béton poreux / Terre battue	1 200€	100€	Oui	Oui	T 20265794001000174783	gilles.romand@iadfrance.fr	RSC CHAMPIGNY TENNIS & Stade Nelson Mandela & 134 rue Bernau & 94500 CHAMPIGNY SUR MARNE & 01 49 83 77 76	01 49 83 77 76	Senior	Simple Messieurs	Open	23€ (Jeunes 17€)
RED STAR CLUB DE CHAMPIGNY	Tournoi Hiver Sénior & Séniors Plus RSC Champigny	28/02/2026	15/03/2026	Gilles ROMAND	Résine / Béton poreux / Terre battue	1 200€	100€	Oui	Oui	T 20265794001000174783	gilles.romand@iadfrance.fr	RSC CHAMPIGNY TENNIS & Stade Nelson Mandela & 134 rue Bernau & 94500 CHAMPIGNY SUR MARNE & 01 49 83 77 76	01 49 83 77 76	55	Simple Messieurs	Open	23€
RED STAR CLUB DE CHAMPIGNY	Tournoi Hiver Sénior & Séniors Plus RSC Champigny	28/02/2026	15/03/2026	Gilles ROMAND	Résine / Béton poreux / Terre battue	1 200€	100€	Oui	Oui	T 20265794001000174783	gilles.romand@iadfrance.fr	RSC CHAMPIGNY TENNIS & Stade Nelson Mandela & 134 rue Bernau & 94500 CHAMPIGNY SUR MARNE & 01 49 83 77 76	01 49 83 77 76	Senior	Simple Dames	Open	23€ (Jeunes 17€)
RED STAR CLUB DE CHAMPIGNY	Tournoi NC-15/1 du RSC Champigny	28/02/2026	15/03/2026	Gilles ROMAND	Résine / Béton poreux / Terre battue	100€	0€	Oui	Oui	T 20265794001000175060	gilles.romand@iadfrance.fr	RSC CHAMPIGNY TENNIS & Stade Nelson Mandela & 134 rue Bernau & 94500 CHAMPIGNY SUR MARNE & 01 49 83 77 76	01 49 83 77 76	Senior	Simple Messieurs	Open	23€ (Jeunes 17€)
ELAN CHEVILLY LARUE	TMC MESSIEURS EN JOURNEE NC-15/5	24/11/2025	28/11/2025	Clarence LAMASINE	Résine	0€	0€	Non	Non	T 20265794033000181584	lamasine.clarence@gmail.com	ELAN TENNIS & PARC DES SPORTS & 2 RUE DU STADE & 94550 CHEVILLY LARUE & 06 58 78 77 80	06 58 78 77 80	Senior	Simple Messieurs	Open	40€
ELAN CHEVILLY LARUE	TMC MESSIEURS EN JOURNEE NC-15/5	08/12/2025	12/12/2025	Clarence LAMASINE	Résine	0€	0€	Non	Non	T 20265794033000181592	lamasine.clarence@gmail.com	ELAN TENNIS & PARC DES SPORTS & 2 RUE DU STADE & 94550 CHEVILLY LARUE & 06 58 78 77 80	06 58 78 77 80	Senior	Simple Messieurs	Open	40€
ELAN CHEVILLY LARUE	TMC MESSIEURS EN JOURNEE NC-15/5	24/11/2025	28/11/2025	Clarence LAMASINE	Résine	0€	0€	Non	Non	T 20265794033000181588	lamasine.clarence@gmail.com	ELAN TENNIS & PARC DES SPORTS & 2 RUE DU STADE & 94550 CHEVILLY LARUE & 06 58 78 77 80	06 58 78 77 80	Senior	Simple Messieurs	Open	40€
ELAN CHEVILLY LARUE	TMC MESSIEURS EN JOURNEE NC-15/5	17/11/2025	21/11/2025	Clarence LAMASINE	Résine	0€	0€	Non	Non	T 20265794033000181579	lamasine.clarence@gmail.com	ELAN TENNIS & PARC DES SPORTS & 2 RUE DU STADE & 94550 CHEVILLY LARUE & 06 58 78 77 80	06 58 78 77 80	Senior	Simple Messieurs	Open	40€
TMC MESSIEURS EN JOURNEE NC-15/5	15/12/2025 au 19/12/2025	15/12/2025	19/12/2025	Clarence LAMASINE	Résine	0€	0€	Non	Non	T 20265794033000181593	lamasine.clarence@gmail.com	ELAN TENNIS & PARC DES SPORTS & 2 RUE DU STADE & 94550 CHEVILLY LARUE & 06 58 78 77 80	06 58 78 77 80	Senior	Simple Messieurs	Open	40€
ELAN CHEVILLY LARUE	TMC MESSIEURS EN JOURNEE NC-15/5	01/12/2025	05/12/2025	Clarence LAMASINE	Résine	0€	0€	Non	Non	T 20265794033000181590	lamasine.clarence@gmail.com	ELAN TENNIS & PARC DES SPORTS & 2 RUE DU STADE & 94550 CHEVILLY LARUE & 06 58 78 77 80	06 58 78 77 80	Senior	Simple Messieurs	Open	40€
TC THIAIS	Tournoi Seniors Noël	21/12/2025	04/01/2026	Jean-marc NOYER	Béton poreux / Terre battue	0€	0€	Oui	Oui	T 20265794025000177924	noyerteam@hotmail.fr	Tennis Club Thiais & Stade Alain Mimoun & 1 rue du 11 novembre & 94320 Thiais & 01 48 84 89 79	01 48 84 89 79	Senior	Simple Dames	Open	24€ (Jeunes 18€)
TC THIAIS	Tournoi Seniors Noël	21/12/2025	04/01/2026	Jean-marc NOYER	Béton poreux / Terre battue	0€	0€	Oui	Oui	T 20265794025000177924	noyerteam@hotmail.fr	Tennis Club Thiais & Stade Alain Mimoun & 1 rue du 11 novembre & 94320 Thiais & 01 48 84 89 79	01 48 84 89 79	Senior	Simple Messieurs	Open	24€ (Jeunes 18€)
CD VAL DE MARNE	Trophée Philippe Chatrier - Catégories 4è série, 3è	04/01/2026	12/04/2026	Rémi FERTIN	Résine	0€	0€	Oui	Oui	C 202657L0094000188421	remi.fertin@fft.fr	Comité Val de Marne & Stade D Duvauchelle & rue D Duvauchelle P2 & 94000 CRETEIL & 01 43 39 85 58	01 43 39 85 58	Senior	Simple Dames	Open	25€ (Jeunes 20€)
CD VAL DE MARNE	Trophée Philippe Chatrier - Catégories 4è série, 3è	04/01/2026	12/04/2026	Rémi FERTIN	Résine	0€	0€	Oui	Oui	C 202657L0094000188421	remi.fertin@fft.fr	Comité Val de Marne & Stade D Duvauchelle & rue D Duvauchelle P2 & 94000 CRETEIL & 01 43 39 85 58	01 43 39 85 58	Senior	Simple Dames	Open	25€ (Jeunes 20€)
CD VAL DE MARNE	Trophée Philippe Chatrier - Catégories 4è série, 3è	04/01/2026	12/04/2026	Rémi FERTIN	Résine	0€	0€	Oui	Oui	C 202657L0094000188421	remi.fertin@fft.fr	Comité Val de Marne & Stade D Duvauchelle & rue D Duvauchelle P2 & 94000 CRETEIL & 01 43 39 85 58	01 43 39 85 58	Senior	Simple Messieurs	Open	25€ (Jeunes 20€)
CD VAL DE MARNE	Trophée Philippe Chatrier - Catégories 4è série, 3è	04/01/2026	12/04/2026	Rémi FERTIN	Résine	0€	0€	Oui	Oui	C 202657L0094000188421	remi.fertin@fft.fr	Comité Val de Marne & Stade D Duvauchelle & rue D Duvauchelle P2 & 94000 CRETEIL & 01 43 39 85 58	01 43 39 85 58	Senior	Simple Messieurs	Open	25€ (Jeunes 20€)
TC LA VARENNE	OPEN Du TCLV	21/12/2025	04/01/2026	Nicolas SEVESTRE	Terre artificielle	200€	0€	Oui	Oui	T 20265794013700175366	nicosev.tennis@gmail.com	TCLV & 32 b av denfert rochereau & 94210 LA VARENNE ST HILAIRE & 01 48 83 56 03	01 48 83 56 03	Senior	Simple Messieurs	Open	25€ (Jeunes 22€)
TC LA VARENNE	OPEN Du TCLV	21/12/2025	04/01/2026	Nicolas SEVESTRE	Terre artificielle	200€	0€	Oui	Oui	T 20265794013700175366	nicosev.tennis@gmail.com	TCLV & 32 b av denfert rochereau & 94210 LA VARENNE ST HILAIRE & 01 48 83 56 03	01 48 83 56 03	Senior	Simple Dames	Open	25€ (Jeunes 22€)
GARGES TC (GTC)	TMC Double Mixte	06/12/2025	07/12/2025	Mohamed KONATE	Résine	0€	0€	Oui	Oui	T 20265795011100181360	Mohamed.T.Konate@gmail.com	GARGES TENNIS CLUB & 7 avenue Frederic Joliot Curie & 95140 GARGES LES GONESSE		Senior	Double Mixte	Open	15€ (par joueur)
TC MUNICIPAL DE RUNGIS	open rungis	21/02/2026	08/03/2026	Bernard GISBERT	Résine	1 600€	0€	Oui	Oui	T 20265794003900166913	bernardgisbert@orange.fr	94150_RUNGIS & colline cacao centre - evasion & 34, rue du marche & 94150 RUNGIS & 01 46 86 00 32	01 46 86 00 32	Senior	Simple Dames	Open	25€ (Jeunes 20€)
TC MUNICIPAL DE RUNGIS	open rungis	21/02/2026	08/03/2026	Bernard GISBERT	Résine	1 600€	0€	Oui	Oui	T 20265794003900166913	bernardgisbert@orange.fr	94150_RUNGIS & colline cacao centre - evasion & 34, rue du marche & 94150 RUNGIS & 01 46 86 00 32	01 46 86 00 32	Senior	Simple Messieurs	Open	25€ (Jeunes 20€)
TENNIS CLUB DE SAINT MAUR	TCSM Adultes et Jeunes Novembre	15/11/2025	30/11/2025	Maryse MATHIEU	Terre battue traditionnelle	450€	100€	Oui	Oui	T 20265794002200175817	mathieu.maryse@wanadoo.fr	94370 SUCY EN BRIE & 39, rue de paris & 94370 SUCY EN BRIE & 01 45 90 92 64	01 45 90 92 64	Senior	Simple Messieurs	Open	26€ (Jeunes 20€)
TENNIS CLUB DE SAINT MAUR	TCSM Adultes et Jeunes Novembre	15/11/2025	30/11/2025	Maryse MATHIEU	Terre battue traditionnelle	450€	100€	Oui	Oui	T 20265794002200175817	mathieu.maryse@wanadoo.fr	94370 SUCY EN BRIE & 39, rue de paris & 94370 SUCY EN BRIE & 01 45 90 92 64	01 45 90 92 64	15/16	Simple Messieurs	Open	20€
TENNIS CLUB DE SAINT MAUR	TCSM Adultes et Jeunes Novembre	15/11/2025	30/11/2025	Maryse MATHIEU	Terre battue traditionnelle	450€	100€	Oui	Oui	T 20265794002200175817	mathieu.maryse@wanadoo.fr	94370 SUCY EN BRIE & 39, rue de paris & 94370 SUCY EN BRIE & 01 45 90 92 64	01 45 90 92 64	17/18	Simple Messieurs	Open	20€
TENNIS CLUB DE SAINT MAUR	TCSM Adultes et Jeunes Novembre	15/11/2025	30/11/2025	Maryse MATHIEU	Terre battue traditionnelle	450€	100€	Oui	Oui	T 20265794002200175817	mathieu.maryse@wanadoo.fr	94370 SUCY EN BRIE & 39, rue de paris & 94370 SUCY EN BRIE & 01 45 90 92 64	01 45 90 92 64	Senior	Simple Dames	Open	22€ (Jeunes 20€)
TENNIS CLUB DE SAINT MAUR	TCSM Adultes et Jeunes Novembre	15/11/2025	30/11/2025	Maryse MATHIEU	Terre battue traditionnelle	450€	100€	Oui	Oui	T 20265794002200175817	mathieu.maryse@wanadoo.fr	94370 SUCY EN BRIE & 39, rue de paris & 94370 SUCY EN BRIE & 01 45 90 92 64	01 45 90 92 64	13/14	Simple Dames	Open	20€
TENNIS CLUB DE SAINT MAUR	TCSM Adultes et Jeunes Novembre	15/11/2025	30/11/2025	Maryse MATHIEU	Terre battue traditionnelle	450€	100€	Oui	Oui	T 20265794002200175817	mathieu.maryse@wanadoo.fr	94370 SUCY EN BRIE & 39, rue de paris & 94370 SUCY EN BRIE & 01 45 90 92 64	01 45 90 92 64	13/14	Simple Messieurs	Open	20€
TENNIS CLUB DE SAINT MAUR	TCSM Adultes et Jeunes Novembre	15/11/2025	30/11/2025	Maryse MATHIEU	Terre battue traditionnelle	450€	100€	Oui	Oui	T 20265794002200175817	mathieu.maryse@wanadoo.fr	94370 SUCY EN BRIE & 39, rue de paris & 94370 SUCY EN BRIE & 01 45 90 92 64	01 45 90 92 64	15/16	Simple Dames	Open	20€
TENNIS CLUB DE SAINT MAUR	TCSM Adultes et Jeunes Novembre	15/11/2025	30/11/2025	Maryse MATHIEU	Terre battue traditionnelle	450€	100€	Oui	Oui	T 20265794002200175817	mathieu.maryse@wanadoo.fr	94370 SUCY EN BRIE & 39, rue de paris & 94370 SUCY EN BRIE & 01 45 90 92 64	01 45 90 92 64	17/18	Simple Dames	Open	20€
TENNIS CLUB DE SAINT MAUR	TCSM Adultes Janvier	17/01/2026	01/02/2026	Marie-thérèse MACHROU	Terre battue traditionnelle	300€	0€	Oui	Oui	T 20265794002200175821	marisuzanne@hotmail.com	94370 SUCY EN BRIE & 39, rue de paris & 94370 SUCY EN BRIE & 01 45 90 92 64	01 45 90 92 64	Senior	Simple Messieurs	Open	26€ (Jeunes 20€)
TENNIS CLUB DE SAINT MAUR	TCSM Adultes Janvier	17/01/2026	01/02/2026	Marie-thérèse MACHROU	Terre battue traditionnelle	300€	0€	Oui	Oui	T 20265794002200175821	marisuzanne@hotmail.com	94370 SUCY EN BRIE & 39, rue de paris & 94370 SUCY EN BRIE & 01 45 90 92 64	01 45 90 92 64	Senior	Simple Dames	Open	26€ (Jeunes 20€)
MONTFERMEIL TENNIS 93	Tournoi Open senior Montfermeil NC à 15/3	27/12/2025	11/01/2026	Isabelle VIDAL	Résine	0€	50€	Oui	Oui	T 20265793016400161766	vidalisabelle@aol.com	MontfermeilTennis93 & 82 Avenue des Primevères & 93370 MONTFERMEIL & 01 43 51 10 53	93 82	Senior	Simple Messieurs	Open	23€ (Jeunes 19€)
TC CLICHY SOUS BOIS	TMC DOUBLES MESSIEURS NC 15/4	27/12/2025	27/12/2025	Geoffrey ANCONA	Résine	0€	0€	Oui	Non	T 20265793006700187656	geoffrey_ancona@hotmail.com	TC Clichy sous Bois & STADE Henri BARBUSSE & Allée Henri Barbusse & 93390 CLICHY SOUS BOIS & 07 66 61 02 39	07 66 61 02 39	Senior	Double Messieurs	Open	20€ (par joueur)
TC LIVRY GARGAN	TMC Messieurs 30/2 à 15/3	22/12/2025	23/12/2025	Christian EMIER	Résine	0€	50€	Oui	Oui	T 20265793014000180585	christian.emier@fft.fr	STADE MUNICIPAL & PARC MUNICIPAL DES SPORTS & 6 rue du Docteur Herpin & 93190 LIVRY GARGAN & 01 43 30 69 80	01 43 30 69 80	Senior	Simple Messieurs	Open	40€ (Jeunes 35€)
TC LIVRY GARGAN	TMC MESSIEURS	28/02/2026	01/03/2026	Christian EMIER	Résine	0€	50€	Oui	Oui	T 20265793014000180607	christian.emier@fft.fr	STADE MUNICIPAL & PARC MUNICIPAL DES SPORTS & 6 rue du Docteur Herpin & 93190 LIVRY GARGAN & 06 40 88 38 98	06 40 88 38 98	Senior	Simple Messieurs	Open	40€
SARCELLOIS TC - A.S.S	15é Open de Sarcelles	12/12/2025	01/01/2026	Olivier MOLLE	Résine	2 040€	300€	Oui	Non	T 20265795051100182216	olivier_molle@hotmail.fr	SARCELLOIS TC & Centre sportif Nelson Mandela & Avenue Paul Langevin & 95200 SARCELLES & 01 39 91 96 34	01 39 91 96 34	Senior	Simple Messieurs	Open	24€ (Jeunes 20€)
SARCELLOIS TC - A.S.S	15é Open de Sarcelles	12/12/2025	01/01/2026	Olivier MOLLE	Résine	2 040€	300€	Oui	Non	T 20265795051100182216	olivier_molle@hotmail.fr	SARCELLOIS TC & Centre sportif Nelson Mandela & Avenue Paul Langevin & 95200 SARCELLES & 01 39 91 96 34	01 39 91 96 34	45	Simple Messieurs	Open	24€
SARCELLOIS TC - A.S.S	15é Open de Sarcelles	12/12/2025	01/01/2026	Olivier MOLLE	Résine	2 040€	300€	Oui	Non	T 20265795051100182216	olivier_molle@hotmail.fr	SARCELLOIS TC & Centre sportif Nelson Mandela & Avenue Paul Langevin & 95200 SARCELLES & 01 39 91 96 34	01 39 91 96 34	35	Simple Messieurs	Open	24€
SARCELLOIS TC - A.S.S	15é Open de Sarcelles	12/12/2025	01/01/2026	Olivier MOLLE	Résine	2 040€	300€	Oui	Non	T 20265795051100182216	olivier_molle@hotmail.fr	SARCELLOIS TC & Centre sportif Nelson Mandela & Avenue Paul Langevin & 95200 SARCELLES & 01 39 91 96 34	01 39 91 96 34	Senior	Simple Dames	Open	24€ (Jeunes 20€)
SARCELLOIS TC - A.S.S	15é Open de Sarcelles	12/12/2025	01/01/2026	Olivier MOLLE	Résine	2 040€	300€	Oui	Non	T 20265795051100182216	olivier_molle@hotmail.fr	SARCELLOIS TC & Centre sportif Nelson Mandela & Avenue Paul Langevin & 95200 SARCELLES & 01 39 91 96 34	01 39 91 96 34	35	Simple Dames	Open	24€
TC CHEMINOTS ET VILLENEUVOIS	TMC MESSIEURS 30-15/1 VILLENEUVE-ST-	11/11/2025	11/11/2025	Jacques FOURCADE	Terre battue traditionnelle	0€	0€	Oui	Oui	T 20265794049900180796	tccv94190@gmail.com	Stade Gérard Roussel & Stade Gérard Roussel & rue Léon Mauris & 94190 VILLENEUVE ST GEORGES & 01 43 89 55 19	01 43 89 55 19	Senior	Simple Messieurs	Open	35€
TC CHEMINOTS ET VILLENEUVOIS	TMC MESSIEURS 30-15/1 VILLENEUVE-ST-	22/12/2025	22/12/2025	Jacques FOURCADE	Terre battue traditionnelle	0€	0€	Oui	Oui	T 20265794049900187623	jacq.fourc@gmail.com	Stade Gérard Roussel & Stade Gérard Roussel & rue Léon Mauris & 94190 VILLENEUVE ST GEORGES & 01 43 89 55 19	01 43 89 55 19	Senior	Simple Messieurs	Open	35€
CT ROSE DES VENTS	Open Hiver CTRV	27/03/2026	12/04/2026	Olivier RONDEL	Résine	1 200€	300€	Oui	Oui	T 20265793041400181125	oliv.delron@hotmail.fr	CTRV & Stade de la Rose... & rue Louison Bobet & 93600 AULNAY SOUS BOIS & 01 48 68 24 07	01 48 68 24 07	Senior	Simple Messieurs	Open	22€ (Jeunes 20€)
CT ROSE DES VENTS	Open Hiver CTRV	27/03/2026	12/04/2026	Olivier RONDEL	Résine	1 200€	300€	Oui	Oui	T 20265793041400181125	oliv.delron@hotmail.fr	CTRV & Stade de la Rose... & rue Louison Bobet & 93600 AULNAY SOUS BOIS & 01 48 68 24 07	01 48 68 24 07	35	Simple Messieurs	Open	22€
CT ROSE DES VENTS	Open Hiver CTRV	27/03/2026	12/04/2026	Olivier RONDEL	Résine	1 200€	300€	Oui	Oui	T 20265793041400181125	oliv.delron@hotmail.fr	CTRV & Stade de la Rose... & rue Louison Bobet & 93600 AULNAY SOUS BOIS & 01 48 68 24 07	01 48 68 24 07	Senior	Simple Dames	Open	22€ (Jeunes 20€)
CT ROSE DES VENTS	Open Hiver CTRV	27/03/2026	12/04/2026	Olivier RONDEL	Résine	1 200€	300€	Oui	Oui	T 20265793041400181125	oliv.delron@hotmail.fr	CTRV & Stade de la Rose... & rue Louison Bobet & 93600 AULNAY SOUS BOIS & 01 48 68 24 07	01 48 68 24 07	55	Simple Messieurs	Open	22€
CT ROSE DES VENTS	TMC 30 à 15/3	28/12/2025	31/12/2025	Olivier RONDEL	Résine	0€	50€	Oui	Oui	T 20265793041400185924	oliv.delron@hotmail.fr	CTRV & Stade de la Rose... & rue Louison Bobet & 93600 AULNAY SOUS BOIS & 01 48 68 24 07	01 48 68 24 07	Senior	Simple Messieurs	Open	40€
ENGHIEN TC	Tournoi Open Adultes Juillet	27/06/2026	15/07/2026	Thierry SAFFORES	Terre artificielle / Terre battue	1 200€	1 500€	Oui	Oui	T 20265795016700181741	saffores@free.fr	ENGHIEN TENNIS CLUB & 33 avenue Danielle Casanova & 95210 Saint-Gratien & 06 08 00 19 44	06 08 00 19 44	35	Simple Messieurs	Open	25€
ENGHIEN TC	Tournoi Open Adultes Juillet	27/06/2026	15/07/2026	Thierry SAFFORES	Terre artificielle / Terre battue	1 200€	1 500€	Oui	Oui	T 20265795016700181741	saffores@free.fr	ENGHIEN TENNIS CLUB & 33 avenue Danielle Casanova & 95210 Saint-Gratien & 06 08 00 19 44	06 08 00 19 44	Senior	Simple Dames	Open	25€ (Jeunes 20€)
ENGHIEN TC	Tournoi Open Adultes Juillet	27/06/2026	15/07/2026	Thierry SAFFORES	Terre artificielle / Terre battue	1 200€	1 500€	Oui	Oui	T 20265795016700181741	saffores@free.fr	ENGHIEN TENNIS CLUB & 33 avenue Danielle Casanova & 95210 Saint-Gratien & 06 08 00 19 44	06 08 00 19 44	65	Simple Messieurs	Open	25€
ENGHIEN TC	Tournoi Open Adultes Juillet	27/06/2026	15/07/2026	Thierry SAFFORES	Terre artificielle / Terre battue	1 200€	1 500€	Oui	Oui	T 20265795016700181741	saffores@free.fr	ENGHIEN TENNIS CLUB & 33 avenue Danielle Casanova & 95210 Saint-Gratien & 06 08 00 19 44	06 08 00 19 44	65	Simple Dames	Open	25€
ENGHIEN TC	Tournoi Open Adultes Juillet	27/06/2026	15/07/2026	Thierry SAFFORES	Terre artificielle / Terre battue	1 200€	1 500€	Oui	Oui	T 20265795016700181741	saffores@free.fr	ENGHIEN TENNIS CLUB & 33 avenue Danielle Casanova & 95210 Saint-Gratien & 06 08 00 19 44	06 08 00 19 44	45	Simple Messieurs	Open	25€
ENGHIEN TC	Tournoi Open Adultes Juillet	27/06/2026	15/07/2026	Thierry SAFFORES	Terre artificielle / Terre battue	1 200€	1 500€	Oui	Oui	T 20265795016700181741	saffores@free.fr	ENGHIEN TENNIS CLUB & 33 avenue Danielle Casanova & 95210 Saint-Gratien & 06 08 00 19 44	06 08 00 19 44	55	Simple Messieurs	Open	25€
ENGHIEN TC	Tournoi Open Adultes Juillet	27/06/2026	15/07/2026	Thierry SAFFORES	Terre artificielle / Terre battue	1 200€	1 500€	Oui	Oui	T 20265795016700181741	saffores@free.fr	ENGHIEN TENNIS CLUB & 33 avenue Danielle Casanova & 95210 Saint-Gratien & 06 08 00 19 44	06 08 00 19 44	70	Simple Messieurs	Open	25€
ENGHIEN TC	Tournoi Open Adultes Juillet	27/06/2026	15/07/2026	Thierry SAFFORES	Terre artificielle / Terre battue	1 200€	1 500€	Oui	Oui	T 20265795016700181741	saffores@free.fr	ENGHIEN TENNIS CLUB & 33 avenue Danielle Casanova & 95210 Saint-Gratien & 06 08 00 19 44	06 08 00 19 44	45	Simple Dames	Open	25€
ENGHIEN TC	Tournoi Open Adultes Juillet	27/06/2026	15/07/2026	Thierry SAFFORES	Terre artificielle / Terre battue	1 200€	1 500€	Oui	Oui	T 20265795016700181741	saffores@free.fr	ENGHIEN TENNIS CLUB & 33 avenue Danielle Casanova & 95210 Saint-Gratien & 06 08 00 19 44	06 08 00 19 44	55	Simple Dames	Open	25€
ENGHIEN TC	Tournoi Open Adultes Juillet	27/06/2026	15/07/2026	Thierry SAFFORES	Terre artificielle / Terre battue	1 200€	1 500€	Oui	Oui	T 20265795016700181741	saffores@free.fr	ENGHIEN TENNIS CLUB & 33 avenue Danielle Casanova & 95210 Saint-Gratien & 06 08 00 19 44	06 08 00 19 44	Senior	Simple Messieurs	Open	25€ (Jeunes 20€)
ENGHIEN TC	Tournoi Open Adultes Juillet	27/06/2026	15/07/2026	Thierry SAFFORES	Terre artificielle / Terre battue	1 200€	1 500€	Oui	Oui	T 20265795016700181741	saffores@free.fr	ENGHIEN TENNIS CLUB & 33 avenue Danielle Casanova & 95210 Saint-Gratien & 06 08 00 19 44	06 08 00 19 44	35	Simple Dames	Open	25€
US ORMESSON	Open d'Hiver de l'US Ormesson	20/12/2025	04/01/2026	Thierry GOVAERTS	Résine / Béton poreux	450€	0€	Oui	Oui	T 20265794037000186434	tgo@free.fr	Us Ormesson Tennis & 37 bis rue Anatole France & 94490 ORMESSON SUR MARNE & 07 45 04 16 14	07 45 04 16 14	Senior	Simple Messieurs	Open	24€ (Jeunes 20€)
US ORMESSON	Open d'Hiver de l'US Ormesson	20/12/2025	04/01/2026	Thierry GOVAERTS	Résine / Béton poreux	450€	0€	Oui	Oui	T 20265794037000186434	tgo@free.fr	Us Ormesson Tennis & 37 bis rue Anatole France & 94490 ORMESSON SUR MARNE & 07 45 04 16 14	07 45 04 16 14	Senior	Simple Dames	Open	24€ (Jeunes 20€)
TC SEVRANAIS	TMC HOMMES 30/2-15/4	26/12/2025	28/12/2025	Jonathan GELLY	Résine	0€	60€	Oui	Oui	T 20265793042700180168	Gellyjonathan@gmail.com	93270 SEVRAN & av André Rousseau & 93270 SEVRAN & 07 68 07 02 40	07 68 07 02 40	Senior	Simple Messieurs	Open	30€
TC SEVRANAIS	TMC DOUBLE MIXTE de la St Valentin	13/02/2026	15/02/2026	Jonathan GELLY	Résine	0€	80€	Oui	Oui	T 20265793042700180181	Gellyjonathan@gmail.com	93270 SEVRAN & av André Rousseau & 93270 SEVRAN & 07 68 07 02 40	07 68 07 02 40	Senior	Double Mixte	Open	15€ (par joueur)
TC SEVRANAIS	TMC DOUBLES DAMES & MESSIEURS	02/01/2026	04/01/2026	Bastien RYMER	Résine	0€	100€	Oui	Oui	T 20265793042700173444	rymer.b@hotmail.fr	93270 SEVRAN & av André Rousseau & 93270 SEVRAN & 07 68 07 02 40	07 68 07 02 40	Senior	Double Dames	Open	15€ (par joueur)
TC SEVRANAIS	TMC DOUBLES DAMES & MESSIEURS	02/01/2026	04/01/2026	Bastien RYMER	Résine	0€	100€	Oui	Oui	T 20265793042700173444	rymer.b@hotmail.fr	93270 SEVRAN & av André Rousseau & 93270 SEVRAN & 07 68 07 02 40	07 68 07 02 40	Senior	Double Messieurs	Open	15€ (par joueur)
MONTMORENCY TC	Montmorency tennis club Open adultes de Juin	10/06/2026	28/06/2026	Philippe BOSC	Terre artificielle / Résine / Terre battue	600€	300€	Oui	Oui	T 20265795002100176014	philippe8.bosc@orange.fr	95160_MONTMORENCY & 40 rue des Gallerands & 95160 MONTMORENCY & 01 39 64 64 04	01 39 64 64 04	Senior	Simple Dames	Open	24€ (Jeunes 20€)
MONTMORENCY TC	Montmorency tennis club Open adultes de Juin	10/06/2026	28/06/2026	Philippe BOSC	Terre artificielle / Résine / Terre battue	600€	300€	Oui	Oui	T 20265795002100176014	philippe8.bosc@orange.fr	95160_MONTMORENCY & 40 rue des Gallerands & 95160 MONTMORENCY & 01 39 64 64 04	01 39 64 64 04	Senior	Simple Messieurs	Open	24€ (Jeunes 20€)
GONESSE TC	TMC HOMME 3EME SERIE TC GONESSE	02/01/2026	04/01/2026	Amine ZAOUCH	Terre battue traditionnelle	100€	0€	Oui	Oui	T 20265795011700185913	zaouch@live.fr	TC GONESSE & Chemin de l'églantier & 95500 GONESSE & 01 34 53 87 81	01 34 53 87 81	Senior	Simple Messieurs	Open	30€
LA CHATAIGNERAIE (TC)	TMC Messieurs-clt:30-journée entre 9:00 et 16:00	24/11/2025	24/11/2025	Jean-francois PECLET	Terre battue traditionnelle	0€	0€	Oui	Non	T 20265792004900181262	max.peclet@gmail.com	92500_RUEIL MALMAISO & 6 - 12 av. de la Chataîgneraie & 92500 RUEIL MALMAISON & 01 47 51 66 72	01 47 51 66 72	Senior	Simple Messieurs	Open	50€
LA CHATAIGNERAIE (TC)	Tournoi de Noël	21/12/2025	04/01/2026	Jean-francois PECLET	Terre battue traditionnelle	0€	0€	Oui	Non	T 20265792004900181258	max.peclet@gmail.com	92500_RUEIL MALMAISO & 6 - 12 av. de la Chataîgneraie & 92500 RUEIL MALMAISON & 01 47 51 66 72	01 47 51 66 72	Senior	Simple Messieurs	Open	27€
LA CHATAIGNERAIE (TC)	Tournoi de Noël	21/12/2025	04/01/2026	Jean-francois PECLET	Terre battue traditionnelle	0€	0€	Oui	Non	T 20265792004900181258	max.peclet@gmail.com	92500_RUEIL MALMAISO & 6 - 12 av. de la Chataîgneraie & 92500 RUEIL MALMAISON & 01 47 51 66 72	01 47 51 66 72	Senior	Simple Dames	Open	27€
LA CHATAIGNERAIE (TC)	Tournoi de semaine N°3 journée entre 9:00 et 17:00	26/11/2025	19/12/2025	Jean-francois PECLET	Terre battue traditionnelle	0€	0€	Oui	Non	T 20265792004900181173	max.peclet@gmail.com	92500_RUEIL MALMAISO & 6 - 12 av. de la Chataîgneraie & 92500 RUEIL MALMAISON & 01 47 51 66 72	01 47 51 66 72	Senior	Simple Dames	Open	27€
LA CHATAIGNERAIE (TC)	Tournoi de semaine N°3 journée entre 9:00 et 17:00	26/11/2025	19/12/2025	Jean-francois PECLET	Terre battue traditionnelle	0€	0€	Oui	Non	T 20265792004900181173	max.peclet@gmail.com	92500_RUEIL MALMAISO & 6 - 12 av. de la Chataîgneraie & 92500 RUEIL MALMAISON & 01 47 51 66 72	01 47 51 66 72	Senior	Simple Messieurs	Open	27€
LA CHATAIGNERAIE (TC)	Tournoi de semaine N°2 journée entre 9:00 et 17:00	06/11/2025	28/11/2025	Jean-francois PECLET	Terre battue traditionnelle	0€	0€	Oui	Non	T 20265792004900181166	max.peclet@gmail.com	92500_RUEIL MALMAISO & 6 - 12 av. de la Chataîgneraie & 92500 RUEIL MALMAISON & 01 47 51 66 72	01 47 51 66 72	Senior	Simple Messieurs	Open	27€
LA CHATAIGNERAIE (TC)	Tournoi en journée n°4 - 9h /17h - no we	12/01/2026	13/02/2026	Jean-francois PECLET	Terre battue traditionnelle	0€	0€	Oui	Non	T 20265792004900188567	max.peclet@gmail.com	92500_RUEIL MALMAISO & 6 - 12 av. de la Chataîgneraie & 92500 RUEIL MALMAISON & 01 47 51 66 72	01 47 51 66 72	Senior	Simple Dames	Open	27€
LA CHATAIGNERAIE (TC)	Tournoi en journée n°4 - 9h /17h - no we	12/01/2026	13/02/2026	Jean-francois PECLET	Terre battue traditionnelle	0€	0€	Oui	Non	T 20265792004900188567	max.peclet@gmail.com	92500_RUEIL MALMAISO & 6 - 12 av. de la Chataîgneraie & 92500 RUEIL MALMAISON & 01 47 51 66 72	01 47 51 66 72	Senior	Simple Messieurs	Open	27€
CHAVILLE (CT)	TC CHAVILLE	18/12/2025	06/01/2026	Sébastien MAGNE	Résine	5 000€	0€	Oui	Oui	T 20265792042800178302	sebastien.magne@fft.fr	92370_CHAVILLE & 50 rue Alexis Maneyrol & 92370 CHAVILLE & 01 47 50 42 28	01 47 50 42 28	35	Simple Messieurs	Open	25€
CHAVILLE (CT)	TC CHAVILLE	18/12/2025	06/01/2026	Sébastien MAGNE	Résine	5 000€	0€	Oui	Oui	T 20265792042800178302	sebastien.magne@fft.fr	92370_CHAVILLE & 50 rue Alexis Maneyrol & 92370 CHAVILLE & 01 47 50 42 28	01 47 50 42 28	Senior	Simple Dames	Open	25€
CHAVILLE (CT)	TC CHAVILLE	18/12/2025	06/01/2026	Sébastien MAGNE	Résine	5 000€	0€	Oui	Oui	T 20265792042800178302	sebastien.magne@fft.fr	92370_CHAVILLE & 50 rue Alexis Maneyrol & 92370 CHAVILLE & 01 47 50 42 28	01 47 50 42 28	Senior	Simple Messieurs	Open	25€
VILLEPINTE TENNIS	CNGT Villepinte	20/02/2026	15/03/2026	Isabelle VIDAL	Terre battue traditionnelle	4 440€	0€	Oui	Oui	T 20265793005900174549	vidalisabelle@aol.com	93420_VILLEPINTE & 54 rue du Manège & 93420 VILLEPINTE & 01 43 84 18 75	01 43 84 18 75	70	Simple Messieurs	Open	25€
VILLEPINTE TENNIS	CNGT Villepinte	20/02/2026	15/03/2026	Isabelle VIDAL	Terre battue traditionnelle	4 440€	0€	Oui	Oui	T 20265793005900174549	vidalisabelle@aol.com	93420_VILLEPINTE & 54 rue du Manège & 93420 VILLEPINTE & 01 43 84 18 75	01 43 84 18 75	Senior	Simple Messieurs	Open	25€ (Jeunes 21€)
VILLEPINTE TENNIS	CNGT Villepinte	20/02/2026	15/03/2026	Isabelle VIDAL	Terre battue traditionnelle	4 440€	0€	Oui	Oui	T 20265793005900174549	vidalisabelle@aol.com	93420_VILLEPINTE & 54 rue du Manège & 93420 VILLEPINTE & 01 43 84 18 75	01 43 84 18 75	35	Simple Messieurs	Open	25€
VILLEPINTE TENNIS	CNGT Villepinte	20/02/2026	15/03/2026	Isabelle VIDAL	Terre battue traditionnelle	4 440€	0€	Oui	Oui	T 20265793005900174549	vidalisabelle@aol.com	93420_VILLEPINTE & 54 rue du Manège & 93420 VILLEPINTE & 01 43 84 18 75	01 43 84 18 75	45	Simple Messieurs	Open	25€
VILLEPINTE TENNIS	CNGT Villepinte	20/02/2026	15/03/2026	Isabelle VIDAL	Terre battue traditionnelle	4 440€	0€	Oui	Oui	T 20265793005900174549	vidalisabelle@aol.com	93420_VILLEPINTE & 54 rue du Manège & 93420 VILLEPINTE & 01 43 84 18 75	01 43 84 18 75	55	Simple Messieurs	Open	25€
VILLEPINTE TENNIS	CNGT Villepinte	20/02/2026	15/03/2026	Isabelle VIDAL	Terre battue traditionnelle	4 440€	0€	Oui	Oui	T 20265793005900174549	vidalisabelle@aol.com	93420_VILLEPINTE & 54 rue du Manège & 93420 VILLEPINTE & 01 43 84 18 75	01 43 84 18 75	65	Simple Messieurs	Open	25€
VILLEPINTE TENNIS	CNGT Villepinte	20/02/2026	15/03/2026	Isabelle VIDAL	Terre battue traditionnelle	4 440€	0€	Oui	Oui	T 20265793005900174549	vidalisabelle@aol.com	93420_VILLEPINTE & 54 rue du Manège & 93420 VILLEPINTE & 01 43 84 18 75	01 43 84 18 75	Senior	Simple Dames	Open	25€ (Jeunes 21€)
VILLEPINTE TENNIS	CNGT Villepinte	20/02/2026	15/03/2026	Isabelle VIDAL	Terre battue traditionnelle	4 440€	0€	Oui	Oui	T 20265793005900174549	vidalisabelle@aol.com	93420_VILLEPINTE & 54 rue du Manège & 93420 VILLEPINTE & 01 43 84 18 75	01 43 84 18 75	45	Simple Dames	Open	25€
VILLIERS LE BEL TC	TMC Hommes Villiers le Bel	27/12/2025	28/12/2025	Jérôme BOULAY	Résine	0€	300€	Non	Non	T 20265795028100183382	djeboulay@yahoo.fr	95400_VILLIERS LE BE & Parc des sports et des loisirs & Avenue du Champ Bacon & 95400 VILLIERS LE BEL & 06 66 02 31 63	06 66 02 31 63	Senior	Simple Messieurs	Open	35€
U.S.O. ATHIS MONS	TOURNOI AUTOMNE ATHIS-MONS SENIOR	03/11/2025	20/12/2025	Arnaud GOULFIER	Terre artificielle / Béton poreux	0€	0€	Oui	Oui	T 20265791001300177246	agoulfiertennis@gmail.com	USOAM Tennis & zone les Guyards & 1 rue Roland Garros & 91200 ATHIS MONS & 06 06 87 02 93	06 06 87 02 93	Senior	Simple Messieurs	Open	21€ (Jeunes 16€)
U.S.O. ATHIS MONS	TOURNOI AUTOMNE ATHIS-MONS SENIOR	03/11/2025	20/12/2025	Arnaud GOULFIER	Terre artificielle / Béton poreux	0€	0€	Oui	Oui	T 20265791001300177246	agoulfiertennis@gmail.com	USOAM Tennis & zone les Guyards & 1 rue Roland Garros & 91200 ATHIS MONS & 06 06 87 02 93	06 06 87 02 93	Senior	Simple Dames	Open	21€ (Jeunes 16€)
U.S.O. ATHIS MONS	TMC ATHIS MONS HOMMES 15/2 - 30	02/01/2026	03/01/2026	Arnaud MICAELLI	Terre artificielle / Béton poreux	0€	0€	Oui	Oui	T 20265791001300186815	arnaud20a@hotmail.com	USOAM Tennis & zone les Guyards & 1 rue Roland Garros & 91200 ATHIS MONS & 06 06 87 02 93	06 06 87 02 93	40	Simple Messieurs	Open	35€
U.S.O. ATHIS MONS	TMC ATHIS MONS HOMMES 15/2 - 30	02/01/2026	03/01/2026	Arnaud MICAELLI	Terre artificielle / Béton poreux	0€	0€	Oui	Oui	T 20265791001300186815	arnaud20a@hotmail.com	USOAM Tennis & zone les Guyards & 1 rue Roland Garros & 91200 ATHIS MONS & 06 06 87 02 93	06 06 87 02 93	35	Simple Messieurs	Open	35€
U.S.O. ATHIS MONS	TMC ATHIS MONS HOMMES 15/2 - 30	02/01/2026	03/01/2026	Arnaud MICAELLI	Terre artificielle / Béton poreux	0€	0€	Oui	Oui	T 20265791001300186815	arnaud20a@hotmail.com	USOAM Tennis & zone les Guyards & 1 rue Roland Garros & 91200 ATHIS MONS & 06 06 87 02 93	06 06 87 02 93	Senior	Simple Messieurs	Open	35€
U.S.O. ATHIS MONS	TMC ATHIS MONS HOMMES 15/4 à 30/3	28/12/2025	29/12/2025	Thomas BRIARD	Terre artificielle / Béton poreux	0€	0€	Oui	Oui	T 20265791001300186821	thomas.briard@hotmail.fr	USOAM Tennis & zone les Guyards & 1 rue Roland Garros & 91200 ATHIS MONS & 06 06 87 02 93	06 06 87 02 93	35	Simple Messieurs	Open	35€
U.S.O. ATHIS MONS	TMC ATHIS MONS HOMMES 15/4 à 30/3	28/12/2025	29/12/2025	Thomas BRIARD	Terre artificielle / Béton poreux	0€	0€	Oui	Oui	T 20265791001300186821	thomas.briard@hotmail.fr	USOAM Tennis & zone les Guyards & 1 rue Roland Garros & 91200 ATHIS MONS & 06 06 87 02 93	06 06 87 02 93	45	Simple Messieurs	Open	35€
U.S.O. ATHIS MONS	TMC ATHIS MONS HOMMES 15/4 à 30/3	28/12/2025	29/12/2025	Thomas BRIARD	Terre artificielle / Béton poreux	0€	0€	Oui	Oui	T 20265791001300186821	thomas.briard@hotmail.fr	USOAM Tennis & zone les Guyards & 1 rue Roland Garros & 91200 ATHIS MONS & 06 06 87 02 93	06 06 87 02 93	Senior	Simple Messieurs	Open	35€
U.S.O. ATHIS MONS	TMC ATHIS MONS HOMMES 15/4 à 30/3	28/12/2025	29/12/2025	Thomas BRIARD	Terre artificielle / Béton poreux	0€	0€	Oui	Oui	T 20265791001300186821	thomas.briard@hotmail.fr	USOAM Tennis & zone les Guyards & 1 rue Roland Garros & 91200 ATHIS MONS & 06 06 87 02 93	06 06 87 02 93	40	Simple Messieurs	Open	35€
TENNIS DE SUCY EN BRIE	Tournoi adulte du TSB	26/12/2025	11/01/2026	Benjamin WIERZBINSKI	Résine	260€	0€	Oui	Oui	T 20265794000600184113	benjamin.tournoi@gmail.com	TENNIS DE SUCY EN BR & parc des sports & route de la queue en brie & 94370 SUCY EN BRIE & 01 45 90 01 40	01 45 90 01 40	Senior	Simple Dames	Open	24€ (Jeunes 20€)
TENNIS DE SUCY EN BRIE	Tournoi adulte du TSB	26/12/2025	11/01/2026	Benjamin WIERZBINSKI	Résine	260€	0€	Oui	Oui	T 20265794000600184113	benjamin.tournoi@gmail.com	TENNIS DE SUCY EN BR & parc des sports & route de la queue en brie & 94370 SUCY EN BRIE & 01 45 90 01 40	01 45 90 01 40	Senior	Simple Messieurs	Open	24€ (Jeunes 20€)
TENNIS DE SUCY EN BRIE	Open du TSB	26/12/2025	11/01/2026	Benjamin WIERZBINSKI	Résine	1 640€	0€	Oui	Oui	T 20265794000600184112	benjamin.tournoi@gmail.com	TENNIS DE SUCY EN BR & parc des sports & route de la queue en brie & 94370 SUCY EN BRIE & 01 45 90 01 40	01 45 90 01 40	Senior	Simple Dames	Open	24€ (Jeunes 20€)
TENNIS DE SUCY EN BRIE	Open du TSB	26/12/2025	11/01/2026	Benjamin WIERZBINSKI	Résine	1 640€	0€	Oui	Oui	T 20265794000600184112	benjamin.tournoi@gmail.com	TENNIS DE SUCY EN BR & parc des sports & route de la queue en brie & 94370 SUCY EN BRIE & 01 45 90 01 40	01 45 90 01 40	Senior	Simple Messieurs	Open	24€ (Jeunes 20€)
COUBRON TENNIS CLUB	Tmc Coubron 30/2 à 15/4 4 matchs du 24 et 25 Fev	24/02/2026	25/02/2026	Antoine CUCINIELLO	Résine	0€	50€	Oui	Non	T 20265793000200187880	antoinecuciniello@hotmail.fr	93470_COUBRON & Complexe Thierry Rolland / Tennis Jarmila Almagrida & Chemin de la Remise & 93470 COUBRON & 01 43 51 20 91	01 43 51 20 91	Senior	Simple Messieurs	Open	40€
CD HAUTS DE SEINE	Tournoi des capitaines tennis entreprise (réservé)	05/01/2026	31/08/2026	Antoine COLLEAU	Résine	0€	0€	Non	Non	T 202657L0092000188136	antoine.colleau@fft.fr	CD Hauts-de-Seine & 4 rue Edouard Manet & 92500 RUEIL MALMAISON & 01 41 39 84 00	01 41 39 84 00	Senior	Simple Dames	Open	0€
CD HAUTS DE SEINE	Tournoi des capitaines tennis entreprise (réservé)	05/01/2026	31/08/2026	Antoine COLLEAU	Résine	0€	0€	Non	Non	T 202657L0092000188136	antoine.colleau@fft.fr	CD Hauts-de-Seine & 4 rue Edouard Manet & 92500 RUEIL MALMAISON & 01 41 39 84 00	01 41 39 84 00	Senior	Simple Messieurs	Open	0€
CD HAUTS DE SEINE	Tournoi individuel tennis entreprise tous	05/01/2026	31/08/2026	Maïté LEJARS	Résine	0€	0€	Non	Non	T 202657L0092000188152	maite.lejars@orange.fr	CD Hauts-de-Seine & 4 rue Edouard Manet & 92500 RUEIL MALMAISON & 01 41 39 84 00	01 41 39 84 00	Senior	Simple Dames	Open	0€
CD HAUTS DE SEINE	Tournoi individuel tennis entreprise tous	05/01/2026	31/08/2026	Maïté LEJARS	Résine	0€	0€	Non	Non	T 202657L0092000188152	maite.lejars@orange.fr	CD Hauts-de-Seine & 4 rue Edouard Manet & 92500 RUEIL MALMAISON & 01 41 39 84 00	01 41 39 84 00	Senior	Simple Messieurs	Open	10€
MARGENCY (TC)	TMC 3ème série	11/07/2026	12/07/2026	Victor MAROSTEGAN	Béton poreux	0€	0€	Oui	Non	T 20265795002800176906	victor-marostegan@live.fr	95580_MARGENCY & 5 allée Eugène Magniez & 95580 MARGENCY & 06 34 35 57 88	06 34 35 57 88	Senior	Simple Messieurs	Open	30€ (Jeunes 25€)
MARGENCY (TC)	TMC 3ème série	22/08/2026	23/08/2026	Victor MAROSTEGAN	Béton poreux	0€	0€	Oui	Non	T 20265795002800176910	victor-marostegan@live.fr	95580_MARGENCY & 5 allée Eugène Magniez & 95580 MARGENCY & 06 34 35 57 88	06 34 35 57 88	Senior	Simple Messieurs	Open	30€ (Jeunes 25€)
MARGENCY (TC)	TMC 3ème série	22/08/2026	23/08/2026	Victor MAROSTEGAN	Béton poreux	0€	0€	Oui	Non	T 20265795002800176910	victor-marostegan@live.fr	95580_MARGENCY & 5 allée Eugène Magniez & 95580 MARGENCY & 06 34 35 57 88	06 34 35 57 88	35	Simple Messieurs	Open	30€
MARGENCY (TC)	TMC 3ème série	25/04/2026	26/04/2026	Victor MAROSTEGAN	Béton poreux	0€	0€	Oui	Non	T 20265795002800176881	victor-marostegan@live.fr	95580_MARGENCY & 5 allée Eugène Magniez & 95580 MARGENCY & 06 34 35 57 88	06 34 35 57 88	Senior	Simple Messieurs	Open	30€ (Jeunes 25€)
MARGENCY (TC)	TCM 3ème série (Journée 9h-16h)	18/06/2026	19/06/2026	Fabien BUTSCHA	Béton poreux	0€	0€	Oui	Non	T 20265795002800176905	fabien.butscha@hotmail.fr	95580_MARGENCY & 5 allée Eugène Magniez & 95580 MARGENCY & 06 34 35 57 88	06 34 35 57 88	35	Simple Messieurs	Open	30€
MARGENCY (TC)	TCM 3ème série (Journée 9h-16h)	18/06/2026	19/06/2026	Fabien BUTSCHA	Béton poreux	0€	0€	Oui	Non	T 20265795002800176905	fabien.butscha@hotmail.fr	95580_MARGENCY & 5 allée Eugène Magniez & 95580 MARGENCY & 06 34 35 57 88	06 34 35 57 88	Senior	Simple Messieurs	Open	30€ (Jeunes 25€)
MARGENCY (TC)	"Tournoi Margency ""Futur Services"""	06/06/2026	21/06/2026	Raymond ROSSI	Béton poreux	0€	0€	Oui	Non	T 20265795002800176869	rr425051@gmail.com	95580_MARGENCY & 5 allée Eugène Magniez & 95580 MARGENCY & 06 34 35 57 88	06 34 35 57 88	Senior	Simple Messieurs	Open	24€ (Jeunes 20€)
MARGENCY (TC)	"Tournoi Margency ""Futur Services"""	06/06/2026	21/06/2026	Raymond ROSSI	Béton poreux	0€	0€	Oui	Non	T 20265795002800176869	rr425051@gmail.com	95580_MARGENCY & 5 allée Eugène Magniez & 95580 MARGENCY & 06 34 35 57 88	06 34 35 57 88	Senior	Simple Dames	Open	24€ (Jeunes 20€)
MARGENCY (TC)	"Tournoi Margency ""Futur Services"""	06/06/2026	21/06/2026	Raymond ROSSI	Béton poreux	0€	0€	Oui	Non	T 20265795002800176869	rr425051@gmail.com	95580_MARGENCY & 5 allée Eugène Magniez & 95580 MARGENCY & 06 34 35 57 88	06 34 35 57 88	35	Simple Messieurs	Open	24€
MARGENCY (TC)	"Tournoi Margency ""Futur Services"""	06/06/2026	21/06/2026	Raymond ROSSI	Béton poreux	0€	0€	Oui	Non	T 20265795002800176869	rr425051@gmail.com	95580_MARGENCY & 5 allée Eugène Magniez & 95580 MARGENCY & 06 34 35 57 88	06 34 35 57 88	45	Simple Messieurs	Open	24€
MARGENCY (TC)	TMC 3ème série	27/12/2025	28/12/2025	Victor MAROSTEGAN	Béton poreux	0€	0€	Oui	Non	T 20265795002800176669	victor-marostegan@live.fr	95580_MARGENCY & 5 allée Eugène Magniez & 95580 MARGENCY & 06 34 35 57 88	06 34 35 57 88	Senior	Simple Messieurs	Open	30€ (Jeunes 25€)
PONTAULT COMBAULT UMS	TMC Hommes 30 - 15/2	02/03/2026	02/03/2026	Fabien GOUDRON	Béton poreux	0€	30€	Oui	Oui	T 20265777007100177665	fabien.goudron@gmail.com	UMS PONTAULT TENNIS & 2 avenue de Caminha & 77340 PONTAULT COMBAULT & 01 70 05 49 60	01 70 05 49 60	Senior	Simple Messieurs	Open	35€
CHELLES TENNIS AS	Open Noël	18/12/2025	04/01/2026	Alexandra CHARLES	Résine	1 195€	0€	Oui	Oui	T 20265777005400162802	aalexcharles@free.fr	77500_CHELLES & Pole tennistique Maurice Machoel & 6 rue Guy Rabourdin & 77500 CHELLES & 01 60 08 29 50	01 60 08 29 50	Senior	Simple Dames	Open	25€ (Jeunes 22€)
CHELLES TENNIS AS	Open Noël	18/12/2025	04/01/2026	Alexandra CHARLES	Résine	1 195€	0€	Oui	Oui	T 20265777005400162802	aalexcharles@free.fr	77500_CHELLES & Pole tennistique Maurice Machoel & 6 rue Guy Rabourdin & 77500 CHELLES & 01 60 08 29 50	01 60 08 29 50	35	Simple Messieurs	Open	25€
CHELLES TENNIS AS	Open Noël	18/12/2025	04/01/2026	Alexandra CHARLES	Résine	1 195€	0€	Oui	Oui	T 20265777005400162802	aalexcharles@free.fr	77500_CHELLES & Pole tennistique Maurice Machoel & 6 rue Guy Rabourdin & 77500 CHELLES & 01 60 08 29 50	01 60 08 29 50	55	Simple Messieurs	Open	25€
CHELLES TENNIS AS	Open Noël	18/12/2025	04/01/2026	Alexandra CHARLES	Résine	1 195€	0€	Oui	Oui	T 20265777005400162802	aalexcharles@free.fr	77500_CHELLES & Pole tennistique Maurice Machoel & 6 rue Guy Rabourdin & 77500 CHELLES & 01 60 08 29 50	01 60 08 29 50	Senior	Simple Messieurs	Open	25€ (Jeunes 22€)
U.S.M.VIROFLAY TENNIS	Open adultes USM Viroflay	22/02/2026	08/03/2026	Pascal CAUTE	Résine	900€	1 400€	Oui	Oui	T 20265778028400161138	caute.pascal.26@gmail.com	U.S.M.VIROFLAY TENNI & Site de la Sablière & 1 place de la Fête & 78220 VIROFLAY & 01 30 24 53 91	01 30 24 53 91	40	Simple Messieurs	Open	24€
U.S.M.VIROFLAY TENNIS	Open adultes USM Viroflay	22/02/2026	08/03/2026	Pascal CAUTE	Résine	900€	1 400€	Oui	Oui	T 20265778028400161138	caute.pascal.26@gmail.com	U.S.M.VIROFLAY TENNI & Site de la Sablière & 1 place de la Fête & 78220 VIROFLAY & 01 30 24 53 91	01 30 24 53 91	Senior	Simple Dames	Open	24€ (Jeunes 19€)
U.S.M.VIROFLAY TENNIS	Open adultes USM Viroflay	22/02/2026	08/03/2026	Pascal CAUTE	Résine	900€	1 400€	Oui	Oui	T 20265778028400161138	caute.pascal.26@gmail.com	U.S.M.VIROFLAY TENNI & Site de la Sablière & 1 place de la Fête & 78220 VIROFLAY & 01 30 24 53 91	01 30 24 53 91	Senior	Simple Messieurs	Open	24€ (Jeunes 19€)
U.S.M.VIROFLAY TENNIS	Open adultes USM Viroflay	22/02/2026	08/03/2026	Pascal CAUTE	Résine	900€	1 400€	Oui	Oui	T 20265778028400161138	caute.pascal.26@gmail.com	U.S.M.VIROFLAY TENNI & Site de la Sablière & 1 place de la Fête & 78220 VIROFLAY & 01 30 24 53 91	01 30 24 53 91	55	Simple Messieurs	Open	24€
BOUGIVAL TENNIS CLUB EN SEINE	TMC 30/1-15/4	17/11/2025	20/11/2025	Thomas LAVAUD	Terre artificielle / Résine	0€	0€	Oui	Non	T 20265778050800185121	thomaslavaud93@gmail.com	BOUGIVAL TCS & Ile de la Chaussée & 78380 BOUGIVAL & 09 66 43 35 25	09 66 43 35 25	Senior	Simple Messieurs	Open	50€
T.M. MORANGIS	TMC Morangis JOURNEE Messieurs 30 à 15/4	26/12/2025	26/12/2025	Yann LE BOURHIS	Terre artificielle / Béton poreux	0€	30€	Oui	Oui	T 20265791013100188659	yann.lb@hotmail.fr	TM MORANGIS & 3 rue Colette Besson & 91420 MORANGIS & 06 51 21 40 64	06 51 21 40 64	Senior	Simple Messieurs	Open	28€
TC TREMBLAYSIEN	CNGT Phase qualificative NC-15/3	11/04/2026	25/04/2026	Benoît POUPART	Terre battue traditionnelle	0€	0€	Oui	Oui	T 20265793025200169156	teampoup@gmail.com	TC Tremblaysien & Stade Baldeyrou & 18 rue Jules Ferry & 93290 TREMBLAY EN FRANCE & 01 48 61 32 21	01 48 61 32 21	Senior	Simple Messieurs	Open	25€ (Jeunes 20€)
TC TREMBLAYSIEN	CNGT Phase qualificative NC-15/3	11/04/2026	25/04/2026	Benoît POUPART	Terre battue traditionnelle	0€	0€	Oui	Oui	T 20265793025200169156	teampoup@gmail.com	TC Tremblaysien & Stade Baldeyrou & 18 rue Jules Ferry & 93290 TREMBLAY EN FRANCE & 01 48 61 32 21	01 48 61 32 21	Senior	Simple Dames	Open	25€ (Jeunes 20€)
TC TREMBLAYSIEN	TMC 30 - 15/1	26/12/2025	27/12/2025	Lucas BOUR	Résine / Terre battue traditionnelle	0€	40€	Oui	Non	T 20265793025200178655	lucasbour290@gmail.com	TC Tremblaysien & Stade Baldeyrou & 18 rue Jules Ferry & 93290 TREMBLAY EN FRANCE & 01 48 61 32 21	01 48 61 32 21	Senior	Simple Messieurs	Open	35€ (Jeunes 30€)
T.C. VELIZY VILLACOUBLAY	open de vélizy	20/12/2025	04/01/2026	Pascal CAUTE	Résine / Béton poreux	0€	0€	Oui	Oui	T 20265778003100160476	caute.pascal.26@gmail.com	CENTRE SPORT. MOZART & TCVV & 13 avenue de la Division Leclerc & 78140 VELIZY VILLACOUBLAY & 06 62 76 77 09	06 62 76 77 09	Senior	Simple Messieurs	Open	24€ (Jeunes 18€)
T.C. VELIZY VILLACOUBLAY	open de vélizy	20/12/2025	04/01/2026	Pascal CAUTE	Résine / Béton poreux	0€	0€	Oui	Oui	T 20265778003100160476	caute.pascal.26@gmail.com	CENTRE SPORT. MOZART & TCVV & 13 avenue de la Division Leclerc & 78140 VELIZY VILLACOUBLAY & 06 62 76 77 09	06 62 76 77 09	Senior	Simple Dames	Open	24€ (Jeunes 18€)
LOGNES TC	Tournoi du Tennis de Lognes	18/04/2026	01/05/2026	Stephane GRINCOURT	Résine / Béton poreux	600€	0€	Oui	Non	T 20265777002700181122	grincourt.stephane@gmail.com	TENNIS DE LOGNES & 17bis allee de la foret & 77185 LOGNES & 01 60 17 92 93	01 60 17 92 93	Senior	Simple Messieurs	Open	22€
LOGNES TC	Tournoi du Tennis de Lognes	18/04/2026	01/05/2026	Stephane GRINCOURT	Résine / Béton poreux	600€	0€	Oui	Non	T 20265777002700181122	grincourt.stephane@gmail.com	TENNIS DE LOGNES & 17bis allee de la foret & 77185 LOGNES & 01 60 17 92 93	01 60 17 92 93	Senior	Simple Dames	Open	22€
TC DU GRAND VERSAILLES	Tournoi hiver TCGV	22/02/2026	08/03/2026	Franck MORIN	Terre battue traditionnelle	0€	220€	Oui	Oui	T 20265778026300161207	franckhaydn@yahoo.fr	TCGV & 57 Rue Rémont & 78000 VERSAILLES & 01 39 50 26 52	01 39 50 26 52	Senior	Simple Messieurs	Open	25€ (Jeunes 20€)
TC DU GRAND VERSAILLES	Tournoi hiver TCGV	22/02/2026	08/03/2026	Franck MORIN	Terre battue traditionnelle	0€	220€	Oui	Oui	T 20265778026300161207	franckhaydn@yahoo.fr	TCGV & 57 Rue Rémont & 78000 VERSAILLES & 01 39 50 26 52	01 39 50 26 52	Senior	Simple Dames	Open	25€ (Jeunes 20€)
T.C. MONTGERON	Open de Montgeron	07/02/2026	01/03/2026	Jean-yves ROBILLARD	Résine / Béton poreux	500€	300€	Oui	Oui	T 20265791016500186199	inf.robi@wanadoo.fr	91230_MONTGERON & stade municipal & 43 rue de la justice & 91230 MONTGERON		Senior	Simple Messieurs	Open	22€ (Jeunes 18€)
T.C. MONTGERON	Open de Montgeron	07/02/2026	01/03/2026	Jean-yves ROBILLARD	Résine / Béton poreux	500€	300€	Oui	Oui	T 20265791016500186199	inf.robi@wanadoo.fr	91230_MONTGERON & stade municipal & 43 rue de la justice & 91230 MONTGERON		Senior	Simple Dames	Open	22€ (Jeunes 18€)
PLESSIS BOUCHARD TC	TOURNOI OPEN SENIORS TC PLESSIS BOUCHARD	19/06/2026	05/07/2026	Martial ROYER	Résine	0€	0€	Oui	Oui	T 20265795034700183558	royer.martial@bbox.fr	95130_LE PLESSIS BOU & 48 avenue Jules Siegfried & 95130 LE PLESSIS BOUCHARD & 09 80 55 53 12	09 80 55 53 12	55	Simple Dames	Open	23€
PLESSIS BOUCHARD TC	TOURNOI OPEN SENIORS TC PLESSIS BOUCHARD	19/06/2026	05/07/2026	Martial ROYER	Résine	0€	0€	Oui	Oui	T 20265795034700183558	royer.martial@bbox.fr	95130_LE PLESSIS BOU & 48 avenue Jules Siegfried & 95130 LE PLESSIS BOUCHARD & 09 80 55 53 12	09 80 55 53 12	35	Simple Messieurs	Open	23€
PLESSIS BOUCHARD TC	TOURNOI OPEN SENIORS TC PLESSIS BOUCHARD	19/06/2026	05/07/2026	Martial ROYER	Résine	0€	0€	Oui	Oui	T 20265795034700183558	royer.martial@bbox.fr	95130_LE PLESSIS BOU & 48 avenue Jules Siegfried & 95130 LE PLESSIS BOUCHARD & 09 80 55 53 12	09 80 55 53 12	Senior	Simple Messieurs	Open	23€ (Jeunes 20€)
PLESSIS BOUCHARD TC	TOURNOI OPEN SENIORS TC PLESSIS BOUCHARD	19/06/2026	05/07/2026	Martial ROYER	Résine	0€	0€	Oui	Oui	T 20265795034700183558	royer.martial@bbox.fr	95130_LE PLESSIS BOU & 48 avenue Jules Siegfried & 95130 LE PLESSIS BOUCHARD & 09 80 55 53 12	09 80 55 53 12	Senior	Simple Dames	Open	23€ (Jeunes 20€)
PLESSIS BOUCHARD TC	TOURNOI OPEN SENIORS TC PLESSIS BOUCHARD	19/06/2026	05/07/2026	Martial ROYER	Résine	0€	0€	Oui	Oui	T 20265795034700183558	royer.martial@bbox.fr	95130_LE PLESSIS BOU & 48 avenue Jules Siegfried & 95130 LE PLESSIS BOUCHARD & 09 80 55 53 12	09 80 55 53 12	55	Simple Messieurs	Open	23€
PLESSIS BOUCHARD TC	TOURNOI OPEN SENIORS TC PLESSIS BOUCHARD	19/06/2026	05/07/2026	Martial ROYER	Résine	0€	0€	Oui	Oui	T 20265795034700183558	royer.martial@bbox.fr	95130_LE PLESSIS BOU & 48 avenue Jules Siegfried & 95130 LE PLESSIS BOUCHARD & 09 80 55 53 12	09 80 55 53 12	35	Simple Dames	Open	23€
VAIRES US	OPEN SENIORS 2026	21/02/2026	08/03/2026	Christophe CLERGE DUGILLON	Résine	450€	325€	Oui	Oui	T 20265777025600181992	cclergedugillon@yahoo.fr	US VAIRES TENNIS & 2bis Rue de l'Ecluse & 77360 VAIRES SUR MARNE & 06 99 20 87 74	06 99 20 87 74	55	Simple Messieurs	Open	23€
VAIRES US	OPEN SENIORS 2026	21/02/2026	08/03/2026	Christophe CLERGE DUGILLON	Résine	450€	325€	Oui	Oui	T 20265777025600181992	cclergedugillon@yahoo.fr	US VAIRES TENNIS & 2bis Rue de l'Ecluse & 77360 VAIRES SUR MARNE & 06 99 20 87 74	06 99 20 87 74	45	Simple Messieurs	Open	23€
VAIRES US	OPEN SENIORS 2026	21/02/2026	08/03/2026	Christophe CLERGE DUGILLON	Résine	450€	325€	Oui	Oui	T 20265777025600181992	cclergedugillon@yahoo.fr	US VAIRES TENNIS & 2bis Rue de l'Ecluse & 77360 VAIRES SUR MARNE & 06 99 20 87 74	06 99 20 87 74	35	Simple Dames	Open	23€
VAIRES US	OPEN SENIORS 2026	21/02/2026	08/03/2026	Christophe CLERGE DUGILLON	Résine	450€	325€	Oui	Oui	T 20265777025600181992	cclergedugillon@yahoo.fr	US VAIRES TENNIS & 2bis Rue de l'Ecluse & 77360 VAIRES SUR MARNE & 06 99 20 87 74	06 99 20 87 74	Senior	Simple Dames	Open	23€ (Jeunes 19€)
VAIRES US	OPEN SENIORS 2026	21/02/2026	08/03/2026	Christophe CLERGE DUGILLON	Résine	450€	325€	Oui	Oui	T 20265777025600181992	cclergedugillon@yahoo.fr	US VAIRES TENNIS & 2bis Rue de l'Ecluse & 77360 VAIRES SUR MARNE & 06 99 20 87 74	06 99 20 87 74	65	Simple Messieurs	Open	23€
VAIRES US	OPEN SENIORS 2026	21/02/2026	08/03/2026	Christophe CLERGE DUGILLON	Résine	450€	325€	Oui	Oui	T 20265777025600181992	cclergedugillon@yahoo.fr	US VAIRES TENNIS & 2bis Rue de l'Ecluse & 77360 VAIRES SUR MARNE & 06 99 20 87 74	06 99 20 87 74	Senior	Simple Messieurs	Open	23€ (Jeunes 19€)
VAIRES US	OPEN SENIORS 2026	21/02/2026	08/03/2026	Christophe CLERGE DUGILLON	Résine	450€	325€	Oui	Oui	T 20265777025600181992	cclergedugillon@yahoo.fr	US VAIRES TENNIS & 2bis Rue de l'Ecluse & 77360 VAIRES SUR MARNE & 06 99 20 87 74	06 99 20 87 74	35	Simple Messieurs	Open	23€
CD SEINE ET MARNE	TROPHEE Entreprise PIERRE & VACANCES 2026	18/10/2025	15/03/2026	Albert SMADJA	Résine	0€	0€	Non	Non	T 202657L0077000162217	smadja.albert@wanadoo.fr	CENTRE DEPARTEMENTAL & 11 rue des Vieilles vignes & 77183 CROISSY BEAUBOURG & 01 60 05 91 91	01 60 05 91 91	Senior	Simple Dames	Open	16€
CD SEINE ET MARNE	TROPHEE Entreprise PIERRE & VACANCES 2026	18/10/2025	15/03/2026	Albert SMADJA	Résine	0€	0€	Non	Non	T 202657L0077000162217	smadja.albert@wanadoo.fr	CENTRE DEPARTEMENTAL & 11 rue des Vieilles vignes & 77183 CROISSY BEAUBOURG & 01 60 05 91 91	01 60 05 91 91	Senior	Simple Messieurs	Open	16€
CD SEINE ET MARNE	C.I.D Trophée Chatrier 3e Série Messieurs	11/10/2025	12/04/2026	Marie pierre VOS	Résine	0€	0€	Oui	Oui	C 202657L0077000169423	marie-pierre.vos@fft.fr	CENTRE DEPARTEMENTAL & 11 rue des Vieilles vignes & 77183 CROISSY BEAUBOURG & 01 60 05 91 91	01 60 05 91 91	Senior	Simple Messieurs	Open	14€
TC VILLECRESNES	Tournoi OPEN de Noël du TC Villecresnes	21/12/2025	04/01/2026	Céline MONIER VINARD	Terre artificielle / Résine	300€	0€	Oui	Oui	T 20265794002600184142	celine.moniervinard@gmail.com	TCV & 1 rue du bois d'auteuil & 94440 VILLECRESNES & 01 45 99 47 50	01 45 99 47 50	45	Simple Messieurs	Open	22€
TC VILLECRESNES	Tournoi OPEN de Noël du TC Villecresnes	21/12/2025	04/01/2026	Céline MONIER VINARD	Terre artificielle / Résine	300€	0€	Oui	Oui	T 20265794002600184142	celine.moniervinard@gmail.com	TCV & 1 rue du bois d'auteuil & 94440 VILLECRESNES & 01 45 99 47 50	01 45 99 47 50	Senior	Simple Messieurs	Open	22€ (Jeunes 18€)
TC VILLECRESNES	Tournoi OPEN de Noël du TC Villecresnes	21/12/2025	04/01/2026	Céline MONIER VINARD	Terre artificielle / Résine	300€	0€	Oui	Oui	T 20265794002600184142	celine.moniervinard@gmail.com	TCV & 1 rue du bois d'auteuil & 94440 VILLECRESNES & 01 45 99 47 50	01 45 99 47 50	35	Simple Dames	Open	22€
TC VILLECRESNES	Tournoi OPEN de Noël du TC Villecresnes	21/12/2025	04/01/2026	Céline MONIER VINARD	Terre artificielle / Résine	300€	0€	Oui	Oui	T 20265794002600184142	celine.moniervinard@gmail.com	TCV & 1 rue du bois d'auteuil & 94440 VILLECRESNES & 01 45 99 47 50	01 45 99 47 50	Senior	Simple Dames	Open	22€ (Jeunes 18€)
A.S. LES PYRAMIDES	Tournoi Open SEMAINE et JOURNÉE	12/01/2026	30/01/2026	Pascal CAUTE	Résine / Moquette	0€	0€	Oui	Non	T 20265778009400160800	caute.pascal.26@gmail.com	78560_LE PORT MARLY & Les Pyramides & 16 avenue de Saint Germain & 78560 LE PORT MARLY & 01 34 80 34 72	01 34 80 34 72	45	Simple Dames	Open	25€
A.S. LES PYRAMIDES	Tournoi Open SEMAINE et JOURNÉE	12/01/2026	30/01/2026	Pascal CAUTE	Résine / Moquette	0€	0€	Oui	Non	T 20265778009400160800	caute.pascal.26@gmail.com	78560_LE PORT MARLY & Les Pyramides & 16 avenue de Saint Germain & 78560 LE PORT MARLY & 01 34 80 34 72	01 34 80 34 72	65	Simple Messieurs	Open	25€
A.S. LES PYRAMIDES	Tournoi Open SEMAINE et JOURNÉE	12/01/2026	30/01/2026	Pascal CAUTE	Résine / Moquette	0€	0€	Oui	Non	T 20265778009400160800	caute.pascal.26@gmail.com	78560_LE PORT MARLY & Les Pyramides & 16 avenue de Saint Germain & 78560 LE PORT MARLY & 01 34 80 34 72	01 34 80 34 72	Senior	Simple Dames	Open	25€ (Jeunes 20€)
A.S. LES PYRAMIDES	Tournoi Open SEMAINE et JOURNÉE	12/01/2026	30/01/2026	Pascal CAUTE	Résine / Moquette	0€	0€	Oui	Non	T 20265778009400160800	caute.pascal.26@gmail.com	78560_LE PORT MARLY & Les Pyramides & 16 avenue de Saint Germain & 78560 LE PORT MARLY & 01 34 80 34 72	01 34 80 34 72	Senior	Simple Messieurs	Open	25€ (Jeunes 20€)
A.S. LES PYRAMIDES	Tournoi Open SEMAINE et JOURNÉE	12/01/2026	30/01/2026	Pascal CAUTE	Résine / Moquette	0€	0€	Oui	Non	T 20265778009400160800	caute.pascal.26@gmail.com	78560_LE PORT MARLY & Les Pyramides & 16 avenue de Saint Germain & 78560 LE PORT MARLY & 01 34 80 34 72	01 34 80 34 72	45	Simple Messieurs	Open	25€
A.S. LES PYRAMIDES	Tournoi Open SEMAINE et JOURNÉE	17/11/2025	05/12/2025	Pascal CAUTE	Résine / Moquette	0€	0€	Oui	Non	T 20265778009400160794	caute.pascal.26@gmail.com	78560_LE PORT MARLY & Les Pyramides & 16 avenue de Saint Germain & 78560 LE PORT MARLY & 01 34 80 34 72	01 34 80 34 72	Senior	Simple Messieurs	Open	25€ (Jeunes 20€)
A.S. LES PYRAMIDES	Tournoi Open SEMAINE et JOURNÉE	17/11/2025	05/12/2025	Pascal CAUTE	Résine / Moquette	0€	0€	Oui	Non	T 20265778009400160794	caute.pascal.26@gmail.com	78560_LE PORT MARLY & Les Pyramides & 16 avenue de Saint Germain & 78560 LE PORT MARLY & 01 34 80 34 72	01 34 80 34 72	45	Simple Dames	Open	25€
A.S. LES PYRAMIDES	Tournoi Open SEMAINE et JOURNÉE	17/11/2025	05/12/2025	Pascal CAUTE	Résine / Moquette	0€	0€	Oui	Non	T 20265778009400160794	caute.pascal.26@gmail.com	78560_LE PORT MARLY & Les Pyramides & 16 avenue de Saint Germain & 78560 LE PORT MARLY & 01 34 80 34 72	01 34 80 34 72	Senior	Simple Dames	Open	25€ (Jeunes 20€)
A.S. LES PYRAMIDES	Tournoi Open SEMAINE et JOURNÉE	17/11/2025	05/12/2025	Pascal CAUTE	Résine / Moquette	0€	0€	Oui	Non	T 20265778009400160794	caute.pascal.26@gmail.com	78560_LE PORT MARLY & Les Pyramides & 16 avenue de Saint Germain & 78560 LE PORT MARLY & 01 34 80 34 72	01 34 80 34 72	45	Simple Messieurs	Open	25€
A.S. LES PYRAMIDES	Tournoi Open SEMAINE et JOURNÉE	17/11/2025	05/12/2025	Pascal CAUTE	Résine / Moquette	0€	0€	Oui	Non	T 20265778009400160794	caute.pascal.26@gmail.com	78560_LE PORT MARLY & Les Pyramides & 16 avenue de Saint Germain & 78560 LE PORT MARLY & 01 34 80 34 72	01 34 80 34 72	65	Simple Messieurs	Open	25€
MONTIGNY (TENNIS CLUB MUNICIPAL)	OPEN FEVRIER MONTIGNY LES CORMEILLES	21/02/2026	08/03/2026	Martial ROYER	Résine	0€	0€	Non	Non	T 20265795001100186732	royer.martial@bbox.fr	95370_MONTIGNY LES C & Stade Pierre Carlier & 2 rue Pierre Carlier & 95370 MONTIGNY LES CORMEILLES & 06 21 58 58 35	06 21 58 58 35	Senior	Simple Dames	Open	23€ (Jeunes 21€)
MONTIGNY (TENNIS CLUB MUNICIPAL)	OPEN FEVRIER MONTIGNY LES CORMEILLES	21/02/2026	08/03/2026	Martial ROYER	Résine	0€	0€	Non	Non	T 20265795001100186732	royer.martial@bbox.fr	95370_MONTIGNY LES C & Stade Pierre Carlier & 2 rue Pierre Carlier & 95370 MONTIGNY LES CORMEILLES & 06 21 58 58 35	06 21 58 58 35	Senior	Simple Messieurs	Open	23€ (Jeunes 21€)
TAVERNY (CCT)	Open de Taverny	30/07/2026	16/08/2026	Brigitte KLAMECKI	Résine / Terre battue traditionnelle	3 000€	1 000€	Oui	Oui	T 20265795007500169952	bklam@club-internet.fr	Stade Jean Bouin & Stade Jean Bouin & 113 rue de Montmorency & 95150 TAVERNY & 01 39 60 37 52	01 39 60 37 52	Senior	Simple Dames	Open	22€ (Jeunes 15€)
TAVERNY (CCT)	Open de Taverny	30/07/2026	16/08/2026	Brigitte KLAMECKI	Résine / Terre battue traditionnelle	3 000€	1 000€	Oui	Oui	T 20265795007500169952	bklam@club-internet.fr	Stade Jean Bouin & Stade Jean Bouin & 113 rue de Montmorency & 95150 TAVERNY & 01 39 60 37 52	01 39 60 37 52	55	Simple Messieurs	Open	22€
TAVERNY (CCT)	Open de Taverny	30/07/2026	16/08/2026	Brigitte KLAMECKI	Résine / Terre battue traditionnelle	3 000€	1 000€	Oui	Oui	T 20265795007500169952	bklam@club-internet.fr	Stade Jean Bouin & Stade Jean Bouin & 113 rue de Montmorency & 95150 TAVERNY & 01 39 60 37 52	01 39 60 37 52	65	Simple Messieurs	Open	22€
TAVERNY (CCT)	Open de Taverny	30/07/2026	16/08/2026	Brigitte KLAMECKI	Résine / Terre battue traditionnelle	3 000€	1 000€	Oui	Oui	T 20265795007500169952	bklam@club-internet.fr	Stade Jean Bouin & Stade Jean Bouin & 113 rue de Montmorency & 95150 TAVERNY & 01 39 60 37 52	01 39 60 37 52	75	Simple Messieurs	Open	22€
TAVERNY (CCT)	Open de Taverny	30/07/2026	16/08/2026	Brigitte KLAMECKI	Résine / Terre battue traditionnelle	3 000€	1 000€	Oui	Oui	T 20265795007500169952	bklam@club-internet.fr	Stade Jean Bouin & Stade Jean Bouin & 113 rue de Montmorency & 95150 TAVERNY & 01 39 60 37 52	01 39 60 37 52	35	Simple Messieurs	Open	22€
TAVERNY (CCT)	Open de Taverny	30/07/2026	16/08/2026	Brigitte KLAMECKI	Résine / Terre battue traditionnelle	3 000€	1 000€	Oui	Oui	T 20265795007500169952	bklam@club-internet.fr	Stade Jean Bouin & Stade Jean Bouin & 113 rue de Montmorency & 95150 TAVERNY & 01 39 60 37 52	01 39 60 37 52	45	Simple Messieurs	Open	22€
TAVERNY (CCT)	Open de Taverny	30/07/2026	16/08/2026	Brigitte KLAMECKI	Résine / Terre battue traditionnelle	3 000€	1 000€	Oui	Oui	T 20265795007500169952	bklam@club-internet.fr	Stade Jean Bouin & Stade Jean Bouin & 113 rue de Montmorency & 95150 TAVERNY & 01 39 60 37 52	01 39 60 37 52	45	Simple Dames	Open	22€
TAVERNY (CCT)	Open de Taverny	30/07/2026	16/08/2026	Brigitte KLAMECKI	Résine / Terre battue traditionnelle	3 000€	1 000€	Oui	Oui	T 20265795007500169952	bklam@club-internet.fr	Stade Jean Bouin & Stade Jean Bouin & 113 rue de Montmorency & 95150 TAVERNY & 01 39 60 37 52	01 39 60 37 52	60	Simple Messieurs	Open	22€
TAVERNY (CCT)	Open de Taverny	30/07/2026	16/08/2026	Brigitte KLAMECKI	Résine / Terre battue traditionnelle	3 000€	1 000€	Oui	Oui	T 20265795007500169952	bklam@club-internet.fr	Stade Jean Bouin & Stade Jean Bouin & 113 rue de Montmorency & 95150 TAVERNY & 01 39 60 37 52	01 39 60 37 52	55	Simple Dames	Open	22€
TAVERNY (CCT)	Open de Taverny	30/07/2026	16/08/2026	Brigitte KLAMECKI	Résine / Terre battue traditionnelle	3 000€	1 000€	Oui	Oui	T 20265795007500169952	bklam@club-internet.fr	Stade Jean Bouin & Stade Jean Bouin & 113 rue de Montmorency & 95150 TAVERNY & 01 39 60 37 52	01 39 60 37 52	Senior	Simple Messieurs	Open	22€ (Jeunes 15€)
TAVERNY (CCT)	Open de Taverny	30/07/2026	16/08/2026	Brigitte KLAMECKI	Résine / Terre battue traditionnelle	3 000€	1 000€	Oui	Oui	T 20265795007500169952	bklam@club-internet.fr	Stade Jean Bouin & Stade Jean Bouin & 113 rue de Montmorency & 95150 TAVERNY & 01 39 60 37 52	01 39 60 37 52	60	Simple Dames	Open	22€
TAVERNY (CCT)	Open de Taverny	30/07/2026	16/08/2026	Brigitte KLAMECKI	Résine / Terre battue traditionnelle	3 000€	1 000€	Oui	Oui	T 20265795007500169952	bklam@club-internet.fr	Stade Jean Bouin & Stade Jean Bouin & 113 rue de Montmorency & 95150 TAVERNY & 01 39 60 37 52	01 39 60 37 52	70	Simple Messieurs	Open	22€
HERBLAY (AST)	TOURNOI EN JOURNEE 9H - 16H LUNDI - VENDREDI	05/01/2026	23/01/2026	Alexia GIORDANO	Résine	0€	0€	Oui	Non	T 20265795004600186898	alexia.giordano95@gmail.com	ASTH & Chemin des beauregards & 95220 HERBLAY & 01 39 78 68 80	01 39 78 68 80	55	Simple Messieurs	Open	23€
HERBLAY (AST)	TOURNOI EN JOURNEE 9H - 16H LUNDI - VENDREDI	05/01/2026	23/01/2026	Alexia GIORDANO	Résine	0€	0€	Oui	Non	T 20265795004600186898	alexia.giordano95@gmail.com	ASTH & Chemin des beauregards & 95220 HERBLAY & 01 39 78 68 80	01 39 78 68 80	35	Simple Messieurs	Open	23€
HERBLAY (AST)	TOURNOI EN JOURNEE 9H - 16H LUNDI - VENDREDI	05/01/2026	23/01/2026	Alexia GIORDANO	Résine	0€	0€	Oui	Non	T 20265795004600186898	alexia.giordano95@gmail.com	ASTH & Chemin des beauregards & 95220 HERBLAY & 01 39 78 68 80	01 39 78 68 80	65	Simple Messieurs	Open	23€
HERBLAY (AST)	TOURNOI EN JOURNEE 9H - 16H LUNDI - VENDREDI	05/01/2026	23/01/2026	Alexia GIORDANO	Résine	0€	0€	Oui	Non	T 20265795004600186898	alexia.giordano95@gmail.com	ASTH & Chemin des beauregards & 95220 HERBLAY & 01 39 78 68 80	01 39 78 68 80	Senior	Simple Messieurs	Open	23€ (Jeunes 18€)
HERBLAY (AST)	TOURNOI EN JOURNEE 9H - 16H LUNDI - VENDREDI	05/01/2026	23/01/2026	Alexia GIORDANO	Résine	0€	0€	Oui	Non	T 20265795004600186898	alexia.giordano95@gmail.com	ASTH & Chemin des beauregards & 95220 HERBLAY & 01 39 78 68 80	01 39 78 68 80	Senior	Simple Dames	Open	23€ (Jeunes 18€)
PIERRELAYE (CS)	TMC Pierrelaye Janv Messieurs 30/1-15/4	02/01/2026	04/01/2026	Alexandre SICRE	Résine	0€	60€	Oui	Oui	T 20265795001400186945	alexandre.sicre@gmail.com	Espace Jacques Rigot & Parc des Sports & 104 Rue du Général de Gaulle & 95480 PIERRELAYE & 06 26 10 97 96	06 26 10 97 96	Senior	Simple Messieurs	Open	40€
CLAYE SOUILLY TC	TOURNOI OPEN DE CLAYE SENIORS 2026	16/03/2026	05/04/2026	Raphael DUBREUIL	Résine / Béton poreux	1 200€	450€	Oui	Oui	T 20265777001200176551	raphael.dubreuil1@gmail.com	T. C. CLAYE SOUILLY & 42 bis avenue Louis Pasteur & 77410 CLAYE SOUILLY & 07 49 93 75 61	07 49 93 75 61	Senior	Simple Messieurs	Open	22€ (Jeunes 18€)
CLAYE SOUILLY TC	TOURNOI OPEN DE CLAYE SENIORS 2026	16/03/2026	05/04/2026	Raphael DUBREUIL	Résine / Béton poreux	1 200€	450€	Oui	Oui	T 20265777001200176551	raphael.dubreuil1@gmail.com	T. C. CLAYE SOUILLY & 42 bis avenue Louis Pasteur & 77410 CLAYE SOUILLY & 07 49 93 75 61	07 49 93 75 61	35	Simple Messieurs	Open	22€
CLAYE SOUILLY TC	TOURNOI OPEN DE CLAYE SENIORS 2026	16/03/2026	05/04/2026	Raphael DUBREUIL	Résine / Béton poreux	1 200€	450€	Oui	Oui	T 20265777001200176551	raphael.dubreuil1@gmail.com	T. C. CLAYE SOUILLY & 42 bis avenue Louis Pasteur & 77410 CLAYE SOUILLY & 07 49 93 75 61	07 49 93 75 61	45	Simple Messieurs	Open	22€
CLAYE SOUILLY TC	TOURNOI OPEN DE CLAYE SENIORS 2026	16/03/2026	05/04/2026	Raphael DUBREUIL	Résine / Béton poreux	1 200€	450€	Oui	Oui	T 20265777001200176551	raphael.dubreuil1@gmail.com	T. C. CLAYE SOUILLY & 42 bis avenue Louis Pasteur & 77410 CLAYE SOUILLY & 07 49 93 75 61	07 49 93 75 61	55	Simple Messieurs	Open	22€
CLAYE SOUILLY TC	TOURNOI OPEN DE CLAYE SENIORS 2026	16/03/2026	05/04/2026	Raphael DUBREUIL	Résine / Béton poreux	1 200€	450€	Oui	Oui	T 20265777001200176551	raphael.dubreuil1@gmail.com	T. C. CLAYE SOUILLY & 42 bis avenue Louis Pasteur & 77410 CLAYE SOUILLY & 07 49 93 75 61	07 49 93 75 61	65	Simple Messieurs	Open	22€
CLAYE SOUILLY TC	TOURNOI OPEN DE CLAYE SENIORS 2026	16/03/2026	05/04/2026	Raphael DUBREUIL	Résine / Béton poreux	1 200€	450€	Oui	Oui	T 20265777001200176551	raphael.dubreuil1@gmail.com	T. C. CLAYE SOUILLY & 42 bis avenue Louis Pasteur & 77410 CLAYE SOUILLY & 07 49 93 75 61	07 49 93 75 61	Senior	Simple Dames	Open	22€ (Jeunes 18€)
CLAYE SOUILLY TC	TOURNOI OPEN DE CLAYE SENIORS 2026	16/03/2026	05/04/2026	Raphael DUBREUIL	Résine / Béton poreux	1 200€	450€	Oui	Oui	T 20265777001200176551	raphael.dubreuil1@gmail.com	T. C. CLAYE SOUILLY & 42 bis avenue Louis Pasteur & 77410 CLAYE SOUILLY & 07 49 93 75 61	07 49 93 75 61	35	Simple Dames	Open	22€
T.C. GUYANCOURT	NC A 0 tournoi en journée TC GUYANCOURT	06/01/2026	31/01/2026	Carole DUGUER	Résine	400€	0€	Oui	Oui	T 20265778000400173765	carole.duguer@wanadoo.fr	78280_GUYANCOURT & 49 rue du Moulin Renard & 78280 GUYANCOURT & 01 30 43 84 14	01 30 43 84 14	Senior	Simple Dames	Open	22€
T.C. GUYANCOURT	NC A 0 tournoi en journée TC GUYANCOURT	06/01/2026	31/01/2026	Carole DUGUER	Résine	400€	0€	Oui	Oui	T 20265778000400173765	carole.duguer@wanadoo.fr	78280_GUYANCOURT & 49 rue du Moulin Renard & 78280 GUYANCOURT & 01 30 43 84 14	01 30 43 84 14	Senior	Simple Messieurs	Open	22€
U.S GRIGNY TENNIS	Tournoi Sénior Hiver de Grigny 2026	24/01/2026	08/03/2026	Christophe KARMANN	Résine	3 600€	0€	Oui	Non	T 20265791036100188308	christophe.karmann@gmail.com	91350_GRIGNY & Stade des Chaulais & Rue de l'Avenir & 91350 GRIGNY & 01 69 06 19 20	01 69 06 19 20	Senior	Simple Messieurs	Open	24€ (Jeunes 20€)
U.S GRIGNY TENNIS	Tournoi Sénior Hiver de Grigny 2026	24/01/2026	08/03/2026	Christophe KARMANN	Résine	3 600€	0€	Oui	Non	T 20265791036100188308	christophe.karmann@gmail.com	91350_GRIGNY & Stade des Chaulais & Rue de l'Avenir & 91350 GRIGNY & 01 69 06 19 20	01 69 06 19 20	45	Simple Messieurs	Open	24€
U.S GRIGNY TENNIS	Tournoi Sénior Hiver de Grigny 2026	24/01/2026	08/03/2026	Christophe KARMANN	Résine	3 600€	0€	Oui	Non	T 20265791036100188308	christophe.karmann@gmail.com	91350_GRIGNY & Stade des Chaulais & Rue de l'Avenir & 91350 GRIGNY & 01 69 06 19 20	01 69 06 19 20	Senior	Simple Dames	Open	24€ (Jeunes 20€)
U.S GRIGNY TENNIS	Tournoi Sénior Hiver de Grigny 2026	24/01/2026	08/03/2026	Christophe KARMANN	Résine	300€	0€	Oui	Non	T 20265791036100188309	christophe.karmann@gmail.com	91350_GRIGNY & Stade des Chaulais & Rue de l'Avenir & 91350 GRIGNY & 01 69 06 19 20	01 69 06 19 20	Senior	Simple Messieurs	Open	24€ (Jeunes 20€)
T.C. ORSAY	Tournoi open limilté à 15/2	20/12/2025	11/01/2026	Agnes MORMONT	Résine	200€	200€	Oui	Oui	T 20265791018100183813	agnes.mormont@free.fr	Couverts_ORSAY & Rue des Trois Fermes & 91400 ORSAY & 01 60 14 57 76	01 60 14 57 76	Senior	Simple Dames	Open	23€
T.C. ORSAY	Tournoi open limilté à 15/2	20/12/2025	11/01/2026	Agnes MORMONT	Résine	200€	200€	Oui	Oui	T 20265791018100183813	agnes.mormont@free.fr	Couverts_ORSAY & Rue des Trois Fermes & 91400 ORSAY & 01 60 14 57 76	01 60 14 57 76	Senior	Simple Messieurs	Open	23€
OZOIR LA FERRIERE TC	TOURNOI YVAN CHOLLET	20/12/2025	11/01/2026	Yoann DESANGIN	Résine	440€	200€	Oui	Oui	T 20265777018200161325	tiyoyo77@gmail.com	INS_10657 & allée de la breche aux loups & 77330 OZOIR LA FERRIERE & 01 60 02 75 14	01 60 02 75 14	Senior	Simple Messieurs	Open	23€ (Jeunes 20€)
OZOIR LA FERRIERE TC	TOURNOI YVAN CHOLLET	20/12/2025	11/01/2026	Yoann DESANGIN	Résine	440€	200€	Oui	Oui	T 20265777018200161325	tiyoyo77@gmail.com	INS_10657 & allée de la breche aux loups & 77330 OZOIR LA FERRIERE & 01 60 02 75 14	01 60 02 75 14	Senior	Simple Dames	Open	23€ (Jeunes 20€)
STE GENEVIEVE S.T.C.	Tournoi Open 30/Open Messieurs	20/12/2025	11/01/2026	Arnaud PARNET	Résine	0€	1 100€	Oui	Oui	T 20265791021700184788	arnaud.parnet.jat@gmail.com	91700_STE GENEVIEVE & stade guy moquet & 41 rue guy moquet & 91700 STE GENEVIEVE DES BOIS & 01 60 15 88 49	01 60 15 88 49	Senior	Simple Messieurs	Open	23€ (Jeunes 20€)
STE GENEVIEVE S.T.C.	SGSTC Open de décembre 2025	20/12/2025	11/01/2026	Arnaud PARNET	Résine	1 340€	0€	Oui	Oui	T 20265791021700184774	arnaud.parnet.jat@gmail.com	91700_STE GENEVIEVE & stade guy moquet & 41 rue guy moquet & 91700 STE GENEVIEVE DES BOIS & 01 60 15 88 49	01 60 15 88 49	45	Simple Messieurs	Open	23€
STE GENEVIEVE S.T.C.	SGSTC Open de décembre 2025	20/12/2025	11/01/2026	Arnaud PARNET	Résine	1 340€	0€	Oui	Oui	T 20265791021700184774	arnaud.parnet.jat@gmail.com	91700_STE GENEVIEVE & stade guy moquet & 41 rue guy moquet & 91700 STE GENEVIEVE DES BOIS & 01 60 15 88 49	01 60 15 88 49	35	Simple Messieurs	Open	23€
STE GENEVIEVE S.T.C.	SGSTC Open de décembre 2025	20/12/2025	11/01/2026	Arnaud PARNET	Résine	1 340€	0€	Oui	Oui	T 20265791021700184774	arnaud.parnet.jat@gmail.com	91700_STE GENEVIEVE & stade guy moquet & 41 rue guy moquet & 91700 STE GENEVIEVE DES BOIS & 01 60 15 88 49	01 60 15 88 49	Senior	Double Mixte	Open	10€ (par joueur)
STE GENEVIEVE S.T.C.	SGSTC Open de décembre 2025	20/12/2025	11/01/2026	Arnaud PARNET	Résine	1 340€	0€	Oui	Oui	T 20265791021700184774	arnaud.parnet.jat@gmail.com	91700_STE GENEVIEVE & stade guy moquet & 41 rue guy moquet & 91700 STE GENEVIEVE DES BOIS & 01 60 15 88 49	01 60 15 88 49	40	Simple Dames	Open	23€
STE GENEVIEVE S.T.C.	SGSTC Open de décembre 2025	20/12/2025	11/01/2026	Arnaud PARNET	Résine	1 340€	0€	Oui	Oui	T 20265791021700184774	arnaud.parnet.jat@gmail.com	91700_STE GENEVIEVE & stade guy moquet & 41 rue guy moquet & 91700 STE GENEVIEVE DES BOIS & 01 60 15 88 49	01 60 15 88 49	Senior	Double Messieurs	Open	10€ (par joueur)
STE GENEVIEVE S.T.C.	SGSTC Open de décembre 2025	20/12/2025	11/01/2026	Arnaud PARNET	Résine	1 340€	0€	Oui	Oui	T 20265791021700184774	arnaud.parnet.jat@gmail.com	91700_STE GENEVIEVE & stade guy moquet & 41 rue guy moquet & 91700 STE GENEVIEVE DES BOIS & 01 60 15 88 49	01 60 15 88 49	Senior	Simple Dames	Open	23€ (Jeunes 20€)
STE GENEVIEVE S.T.C.	SGSTC Open de décembre 2025	20/12/2025	11/01/2026	Arnaud PARNET	Résine	1 340€	0€	Oui	Oui	T 20265791021700184774	arnaud.parnet.jat@gmail.com	91700_STE GENEVIEVE & stade guy moquet & 41 rue guy moquet & 91700 STE GENEVIEVE DES BOIS & 01 60 15 88 49	01 60 15 88 49	60	Simple Messieurs	Open	23€
STE GENEVIEVE S.T.C.	SGSTC Open de décembre 2025	20/12/2025	11/01/2026	Arnaud PARNET	Résine	1 340€	0€	Oui	Oui	T 20265791021700184774	arnaud.parnet.jat@gmail.com	91700_STE GENEVIEVE & stade guy moquet & 41 rue guy moquet & 91700 STE GENEVIEVE DES BOIS & 01 60 15 88 49	01 60 15 88 49	Senior	Simple Messieurs	Open	23€ (Jeunes 20€)
STE GENEVIEVE S.T.C.	SGSTC Open de décembre 2025	20/12/2025	11/01/2026	Arnaud PARNET	Résine	1 340€	0€	Oui	Oui	T 20265791021700184774	arnaud.parnet.jat@gmail.com	91700_STE GENEVIEVE & stade guy moquet & 41 rue guy moquet & 91700 STE GENEVIEVE DES BOIS & 01 60 15 88 49	01 60 15 88 49	55	Simple Messieurs	Open	23€
COMBS LA VILLE TC	TOURNOI OPEN DE COMBS	28/02/2026	29/03/2026	Amélie MOIZEAU	Terre artificielle / Résine / Moquette /	0€	500€	Oui	Oui	T 20265777013400176504	amelie.moizeau@hotmail.fr	Stade Alain Mimoun & rue du Bas de la Couture & 77380 COMBS LA VILLE & 07 83 58 14 92	07 83 58 14 92	55	Simple Messieurs	Open	22€
COMBS LA VILLE TC	TOURNOI OPEN DE COMBS	28/02/2026	29/03/2026	Amélie MOIZEAU	Terre artificielle / Résine / Moquette /	0€	500€	Oui	Oui	T 20265777013400176504	amelie.moizeau@hotmail.fr	Stade Alain Mimoun & rue du Bas de la Couture & 77380 COMBS LA VILLE & 07 83 58 14 92	07 83 58 14 92	Senior	Simple Messieurs	Open	22€ (Jeunes 18€)
COMBS LA VILLE TC	TOURNOI OPEN DE COMBS	28/02/2026	29/03/2026	Amélie MOIZEAU	Terre artificielle / Résine / Moquette /	0€	500€	Oui	Oui	T 20265777013400176504	amelie.moizeau@hotmail.fr	Stade Alain Mimoun & rue du Bas de la Couture & 77380 COMBS LA VILLE & 07 83 58 14 92	07 83 58 14 92	45	Simple Messieurs	Open	22€
COMBS LA VILLE TC	TOURNOI OPEN DE COMBS	28/02/2026	29/03/2026	Amélie MOIZEAU	Terre artificielle / Résine / Moquette /	0€	500€	Oui	Oui	T 20265777013400176504	amelie.moizeau@hotmail.fr	Stade Alain Mimoun & rue du Bas de la Couture & 77380 COMBS LA VILLE & 07 83 58 14 92	07 83 58 14 92	Senior	Simple Dames	Open	22€ (Jeunes 18€)
CD ESSONNE	3ème série Messieurs Trophée P.Chatrier ESSONNE	10/10/2025	12/04/2026	Gilbert HOUEDE	Résine / Béton poreux	0€	0€	Oui	Oui	C 202657L0091000174394	indiv91messieurs3s@fft.fr	91700_STE GENEVIEVE & 33 av jacques duclos & 91700 STE GENEVIEVE DES BOIS & 01 69 46 61 31	01 69 46 61 31	Senior	Simple Messieurs	Open	20€
CD ESSONNE	35ans Messieurs 4ème serie Chatrier ESSONNE	10/10/2025	19/04/2026	Fabrice DESCHAMPS	Résine / Béton poreux	0€	0€	Oui	Oui	C 202657L0091000182267	indiv91messieurs35@fft.fr	91700_STE GENEVIEVE & 33 av jacques duclos & 91700 STE GENEVIEVE DES BOIS & 01 69 46 61 31	01 69 46 61 31	35	Simple Messieurs	Open	20€
CD ESSONNE	35ans Messieurs 4ème serie Chatrier ESSONNE	10/10/2025	19/04/2026	Fabrice DESCHAMPS	Résine / Béton poreux	0€	0€	Oui	Oui	C 202657L0091000182267	indiv91messieurs35@fft.fr	91700_STE GENEVIEVE & 33 av jacques duclos & 91700 STE GENEVIEVE DES BOIS & 01 69 46 61 31	01 69 46 61 31	Senior	Simple Messieurs	Open	0€
CD ESSONNE	Individuel T.entreprise Essonne Messieurs 3ème	15/01/2026	30/06/2026	Laurent BAILO	Résine	0€	0€	Oui	Oui	C 202657L0091000185645	lb.jatessonne@gmail.com	91700_STE GENEVIEVE & 33 av jacques duclos & 91700 STE GENEVIEVE DES BOIS & 01 69 46 61 31	01 69 46 61 31	Senior	Simple Messieurs	Open	15€
CD ESSONNE	Open Sud Francilien - limité à 15/1	19/10/2025	11/11/2025	Agnes MORMONT	Résine	0€	150€	Oui	Oui	T 202657L0091000175061	agnes.mormont@free.fr	91700_STE GENEVIEVE & 33 av jacques duclos & 91700 STE GENEVIEVE DES BOIS & 01 69 46 61 31	01 69 46 61 31	Senior	Simple Dames	Open	24€ (Jeunes 20€)
CD ESSONNE	Open Sud Francilien - limité à 15/1	19/10/2025	11/11/2025	Agnes MORMONT	Résine	0€	150€	Oui	Oui	T 202657L0091000175061	agnes.mormont@free.fr	91700_STE GENEVIEVE & 33 av jacques duclos & 91700 STE GENEVIEVE DES BOIS & 01 69 46 61 31	01 69 46 61 31	Senior	Simple Messieurs	Open	24€ (Jeunes 20€)
T.C.M. ETIOLLES	TMC 30/2 à 15/3	19/12/2025	21/12/2025	Alexandre MAZURIER	Résine	0€	30€	Oui	Oui	T 20265791012100187468	mazurieralexandre@gmail.com	TCME & chemin de guillorie & 91450 ETIOLLES		Senior	Simple Messieurs	Open	30€ (Jeunes 25€)
A.S. MINORANGE	OPEN AS MINORANGE HIVER	20/02/2026	29/03/2026	Nathalie COURTOIS	Résine	800€	150€	Oui	Non	T 20265778016900158719	natcourtois22@outlook.fr	78280_GUYANCOURT & sporting & route de troux & 78280 GUYANCOURT & 01 80 61 62 63	01 80 61 62 63	35	Simple Dames	Open	25€
A.S. MINORANGE	OPEN AS MINORANGE HIVER	20/02/2026	29/03/2026	Nathalie COURTOIS	Résine	800€	150€	Oui	Non	T 20265778016900158719	natcourtois22@outlook.fr	78280_GUYANCOURT & sporting & route de troux & 78280 GUYANCOURT & 01 80 61 62 63	01 80 61 62 63	55	Simple Messieurs	Open	25€
A.S. MINORANGE	OPEN AS MINORANGE HIVER	20/02/2026	29/03/2026	Nathalie COURTOIS	Résine	800€	150€	Oui	Non	T 20265778016900158719	natcourtois22@outlook.fr	78280_GUYANCOURT & sporting & route de troux & 78280 GUYANCOURT & 01 80 61 62 63	01 80 61 62 63	65	Simple Messieurs	Open	25€
A.S. MINORANGE	OPEN AS MINORANGE HIVER	20/02/2026	29/03/2026	Nathalie COURTOIS	Résine	800€	150€	Oui	Non	T 20265778016900158719	natcourtois22@outlook.fr	78280_GUYANCOURT & sporting & route de troux & 78280 GUYANCOURT & 01 80 61 62 63	01 80 61 62 63	55	Simple Dames	Open	25€
A.S. MINORANGE	OPEN AS MINORANGE HIVER	20/02/2026	29/03/2026	Nathalie COURTOIS	Résine	800€	150€	Oui	Non	T 20265778016900158719	natcourtois22@outlook.fr	78280_GUYANCOURT & sporting & route de troux & 78280 GUYANCOURT & 01 80 61 62 63	01 80 61 62 63	Senior	Simple Dames	Open	25€ (Jeunes 20€)
A.S. MINORANGE	OPEN AS MINORANGE HIVER	20/02/2026	29/03/2026	Nathalie COURTOIS	Résine	800€	150€	Oui	Non	T 20265778016900158719	natcourtois22@outlook.fr	78280_GUYANCOURT & sporting & route de troux & 78280 GUYANCOURT & 01 80 61 62 63	01 80 61 62 63	35	Simple Messieurs	Open	25€
A.S. MINORANGE	OPEN AS MINORANGE HIVER	20/02/2026	29/03/2026	Nathalie COURTOIS	Résine	800€	150€	Oui	Non	T 20265778016900158719	natcourtois22@outlook.fr	78280_GUYANCOURT & sporting & route de troux & 78280 GUYANCOURT & 01 80 61 62 63	01 80 61 62 63	45	Simple Messieurs	Open	25€
A.S. MINORANGE	OPEN AS MINORANGE HIVER	20/02/2026	29/03/2026	Nathalie COURTOIS	Résine	800€	150€	Oui	Non	T 20265778016900158719	natcourtois22@outlook.fr	78280_GUYANCOURT & sporting & route de troux & 78280 GUYANCOURT & 01 80 61 62 63	01 80 61 62 63	Senior	Simple Messieurs	Open	25€ (Jeunes 20€)
A.S. MINORANGE	TOURNOI JOURNEE AS MINORANGE JANVIER	12/01/2026	30/01/2026	Pascal MANGIN	Résine	300€	0€	Oui	Non	T 20265778016900158715	pascalmangin2@gmail.com	78280_GUYANCOURT & sporting & route de troux & 78280 GUYANCOURT & 01 80 61 62 63	01 80 61 62 63	Senior	Simple Dames	Open	25€ (Jeunes 20€)
A.S. MINORANGE	TOURNOI JOURNEE AS MINORANGE JANVIER	12/01/2026	30/01/2026	Pascal MANGIN	Résine	300€	0€	Oui	Non	T 20265778016900158715	pascalmangin2@gmail.com	78280_GUYANCOURT & sporting & route de troux & 78280 GUYANCOURT & 01 80 61 62 63	01 80 61 62 63	Senior	Simple Messieurs	Open	25€ (Jeunes 20€)
A.S. MINORANGE	OPEN AS MINORANGE AUTOMNE	17/10/2025	23/11/2025	Pascal MANGIN	Résine	1 600€	125€	Oui	Non	T 20265778016900158707	pascalmangin2@gmail.com	78280_GUYANCOURT & sporting & route de troux & 78280 GUYANCOURT & 01 80 61 62 63	01 80 61 62 63	Senior	Simple Dames	Open	25€ (Jeunes 20€)
A.S. MINORANGE	OPEN AS MINORANGE AUTOMNE	17/10/2025	23/11/2025	Pascal MANGIN	Résine	1 600€	125€	Oui	Non	T 20265778016900158707	pascalmangin2@gmail.com	78280_GUYANCOURT & sporting & route de troux & 78280 GUYANCOURT & 01 80 61 62 63	01 80 61 62 63	65	Simple Messieurs	Open	25€
A.S. MINORANGE	OPEN AS MINORANGE AUTOMNE	17/10/2025	23/11/2025	Pascal MANGIN	Résine	1 600€	125€	Oui	Non	T 20265778016900158707	pascalmangin2@gmail.com	78280_GUYANCOURT & sporting & route de troux & 78280 GUYANCOURT & 01 80 61 62 63	01 80 61 62 63	Senior	Simple Messieurs	Open	25€ (Jeunes 20€)
A.S. MINORANGE	OPEN AS MINORANGE AUTOMNE	17/10/2025	23/11/2025	Pascal MANGIN	Résine	1 600€	125€	Oui	Non	T 20265778016900158707	pascalmangin2@gmail.com	78280_GUYANCOURT & sporting & route de troux & 78280 GUYANCOURT & 01 80 61 62 63	01 80 61 62 63	45	Simple Dames	Open	25€
A.S. MINORANGE	OPEN AS MINORANGE AUTOMNE	17/10/2025	23/11/2025	Pascal MANGIN	Résine	1 600€	125€	Oui	Non	T 20265778016900158707	pascalmangin2@gmail.com	78280_GUYANCOURT & sporting & route de troux & 78280 GUYANCOURT & 01 80 61 62 63	01 80 61 62 63	45	Simple Messieurs	Open	25€
A.S. MINORANGE	OPEN AS MINORANGE AUTOMNE	17/10/2025	23/11/2025	Pascal MANGIN	Résine	1 600€	125€	Oui	Non	T 20265778016900158707	pascalmangin2@gmail.com	78280_GUYANCOURT & sporting & route de troux & 78280 GUYANCOURT & 01 80 61 62 63	01 80 61 62 63	55	Simple Messieurs	Open	25€
A.S. MINORANGE	OPEN AS MINORANGE AUTOMNE	17/10/2025	23/11/2025	Pascal MANGIN	Résine	1 600€	125€	Oui	Non	T 20265778016900158707	pascalmangin2@gmail.com	78280_GUYANCOURT & sporting & route de troux & 78280 GUYANCOURT & 01 80 61 62 63	01 80 61 62 63	35	Simple Messieurs	Open	25€
A.S. MINORANGE	OPEN AS MINORANGE NOËL	19/12/2025	11/01/2026	Nathalie COURTOIS	Résine	700€	100€	Oui	Non	T 20265778016900158712	natcourtois22@outlook.fr	78280_GUYANCOURT & sporting & route de troux & 78280 GUYANCOURT & 01 80 61 62 63	01 80 61 62 63	55	Simple Messieurs	Open	25€
A.S. MINORANGE	OPEN AS MINORANGE NOËL	19/12/2025	11/01/2026	Nathalie COURTOIS	Résine	700€	100€	Oui	Non	T 20265778016900158712	natcourtois22@outlook.fr	78280_GUYANCOURT & sporting & route de troux & 78280 GUYANCOURT & 01 80 61 62 63	01 80 61 62 63	Senior	Simple Messieurs	Open	25€ (Jeunes 20€)
A.S. MINORANGE	OPEN AS MINORANGE NOËL	19/12/2025	11/01/2026	Nathalie COURTOIS	Résine	700€	100€	Oui	Non	T 20265778016900158712	natcourtois22@outlook.fr	78280_GUYANCOURT & sporting & route de troux & 78280 GUYANCOURT & 01 80 61 62 63	01 80 61 62 63	45	Simple Dames	Open	25€
A.S. MINORANGE	OPEN AS MINORANGE NOËL	19/12/2025	11/01/2026	Nathalie COURTOIS	Résine	700€	100€	Oui	Non	T 20265778016900158712	natcourtois22@outlook.fr	78280_GUYANCOURT & sporting & route de troux & 78280 GUYANCOURT & 01 80 61 62 63	01 80 61 62 63	45	Simple Messieurs	Open	25€
A.S. MINORANGE	OPEN AS MINORANGE NOËL	19/12/2025	11/01/2026	Nathalie COURTOIS	Résine	700€	100€	Oui	Non	T 20265778016900158712	natcourtois22@outlook.fr	78280_GUYANCOURT & sporting & route de troux & 78280 GUYANCOURT & 01 80 61 62 63	01 80 61 62 63	Senior	Simple Dames	Open	25€ (Jeunes 20€)
A.S. MINORANGE	OPEN AS MINORANGE NOËL	19/12/2025	11/01/2026	Nathalie COURTOIS	Résine	700€	100€	Oui	Non	T 20265778016900158712	natcourtois22@outlook.fr	78280_GUYANCOURT & sporting & route de troux & 78280 GUYANCOURT & 01 80 61 62 63	01 80 61 62 63	35	Simple Messieurs	Open	25€
A.S. MINORANGE	OPEN AS MINORANGE NOËL	19/12/2025	11/01/2026	Nathalie COURTOIS	Résine	700€	100€	Oui	Non	T 20265778016900158712	natcourtois22@outlook.fr	78280_GUYANCOURT & sporting & route de troux & 78280 GUYANCOURT & 01 80 61 62 63	01 80 61 62 63	65	Simple Messieurs	Open	25€
A.S. MINORANGE	TOURNOI JOURNEE AS MINORANGE DECEMBRE	01/12/2025	19/12/2025	Pascal MANGIN	Résine	300€	30€	Oui	Non	T 20265778016900158711	pascalmangin2@gmail.com	78280_GUYANCOURT & sporting & route de troux & 78280 GUYANCOURT & 01 80 61 62 63	01 80 61 62 63	Senior	Simple Messieurs	Open	25€ (Jeunes 20€)
A.S. MINORANGE	TOURNOI JOURNEE AS MINORANGE DECEMBRE	01/12/2025	19/12/2025	Pascal MANGIN	Résine	300€	30€	Oui	Non	T 20265778016900158711	pascalmangin2@gmail.com	78280_GUYANCOURT & sporting & route de troux & 78280 GUYANCOURT & 01 80 61 62 63	01 80 61 62 63	Senior	Simple Dames	Open	25€ (Jeunes 20€)
T.C. CONFLANS STE HONORINE	TMC 30/1-15/5 en journée	22/01/2026	23/01/2026	Rémi ACERBIS	Résine	0€	25€	Oui	Non	T 20265778007200179411	remi.acerbis@tcconflans.fr	TCC BA COUVERTS & 43 Rue bois d'aulnes & 78700 CONFLANS STE HONORINE & 01 39 19 65 25	01 39 19 65 25	Senior	Simple Messieurs	Open	35€ (Jeunes 30€)
MONTEVRAIN AST	TOURNOI OPEN 2026 NC à 5/6	09/01/2026	15/03/2026	Patrick LESREL	Béton poreux	200€	150€	Oui	Oui	T 20265777009300181106	lesrelpatrick@gmail.com	Tennis de Montévrain & Allée des tennis & 77144 MONTEVRAIN & 06 20 37 28 27	06 20 37 28 27	Senior	Simple Messieurs	Open	22€ (Jeunes 20€)
MONTEVRAIN AST	TOURNOI OPEN 2026 NC à 5/6	09/01/2026	15/03/2026	Patrick LESREL	Béton poreux	200€	150€	Oui	Oui	T 20265777009300181106	lesrelpatrick@gmail.com	Tennis de Montévrain & Allée des tennis & 77144 MONTEVRAIN & 06 20 37 28 27	06 20 37 28 27	Senior	Simple Dames	Open	22€ (Jeunes 20€)
T.C. VILLEPREUX	TMC Doubles Messieurs/Dames/Mixte pour le	13/12/2025	14/12/2025	Pierrick NEDELEC	Résine / Béton poreux	0€	0€	Oui	Oui	T 20265778027900183802	arnolaurent@hotmail.com	Tennis Villepreux & avenue du general de gaulle & 78450 VILLEPREUX & 09 54 31 73 43	09 54 31 73 43	Senior	Double Mixte	Open	15€ (par joueur)
T.C. VILLEPREUX	TMC Doubles Messieurs/Dames/Mixte pour le	13/12/2025	14/12/2025	Pierrick NEDELEC	Résine / Béton poreux	0€	0€	Oui	Oui	T 20265778027900183802	arnolaurent@hotmail.com	Tennis Villepreux & avenue du general de gaulle & 78450 VILLEPREUX & 09 54 31 73 43	09 54 31 73 43	Senior	Double Dames	Open	15€ (par joueur)
T.C. VILLEPREUX	TMC Doubles Messieurs/Dames/Mixte pour le	13/12/2025	14/12/2025	Pierrick NEDELEC	Résine / Béton poreux	0€	0€	Oui	Oui	T 20265778027900183802	arnolaurent@hotmail.com	Tennis Villepreux & avenue du general de gaulle & 78450 VILLEPREUX & 09 54 31 73 43	09 54 31 73 43	Senior	Double Messieurs	Open	15€ (par joueur)
T.C. VILLEPREUX	TMC Messieurs Noël 4e et 3e série - TC Villepreux	19/12/2025	21/12/2025	Virginie ROUSSELY	Résine / Béton poreux	0€	60€	Oui	Oui	T 20265778027900188024	virginie.roussely@gmail.com	Tennis Villepreux & avenue du general de gaulle & 78450 VILLEPREUX & 09 54 31 73 43	09 54 31 73 43	35	Simple Messieurs	Open	30€
T.C. VILLEPREUX	TMC Messieurs Noël 4e et 3e série - TC Villepreux	19/12/2025	21/12/2025	Virginie ROUSSELY	Résine / Béton poreux	0€	60€	Oui	Oui	T 20265778027900188024	virginie.roussely@gmail.com	Tennis Villepreux & avenue du general de gaulle & 78450 VILLEPREUX & 09 54 31 73 43	09 54 31 73 43	Senior	Simple Messieurs	Open	30€
FOSSES (AT)	TMC Hommes 30/2-15/4	27/12/2025	28/12/2025	Stéphane CHANTELOUP	Résine	0€	0€	Oui	Oui	T 20265795002500178629	schant77@free.fr	COSEC & Cosec - ATF & Avenue de la haute grève & 95470 FOSSES & 06 64 91 95 37	06 64 91 95 37	Senior	Simple Messieurs	Open	30€
PONTOISE TC	Tournoi Open Noêl Pontoise	19/12/2025	04/01/2026	Claude FORRIERE	Résine / Terre battue traditionnelle	130€	470€	Oui	Oui	T 20265795019700180052	claude.forriere@wanadoo.fr	Chemin de la Pelouse & 18 chemin de Pelouse & 95300 PONTOISE		Senior	Double Messieurs	Open	12€ (Jeunes 10€) (par joueur)
PONTOISE TC	Tournoi Open Noêl Pontoise	19/12/2025	04/01/2026	Claude FORRIERE	Résine / Terre battue traditionnelle	130€	470€	Oui	Oui	T 20265795019700180052	claude.forriere@wanadoo.fr	Chemin de la Pelouse & 18 chemin de Pelouse & 95300 PONTOISE		Senior	Double Dames	Open	12€ (Jeunes 10€) (par joueur)
PONTOISE TC	Tournoi Open Noêl Pontoise	19/12/2025	04/01/2026	Claude FORRIERE	Résine / Terre battue traditionnelle	130€	470€	Oui	Oui	T 20265795019700180052	claude.forriere@wanadoo.fr	Chemin de la Pelouse & 18 chemin de Pelouse & 95300 PONTOISE		35	Simple Messieurs	Open	23€
PONTOISE TC	Tournoi Open Noêl Pontoise	19/12/2025	04/01/2026	Claude FORRIERE	Résine / Terre battue traditionnelle	130€	470€	Oui	Oui	T 20265795019700180052	claude.forriere@wanadoo.fr	Chemin de la Pelouse & 18 chemin de Pelouse & 95300 PONTOISE		55	Simple Messieurs	Open	23€
PONTOISE TC	Tournoi Open Noêl Pontoise	19/12/2025	04/01/2026	Claude FORRIERE	Résine / Terre battue traditionnelle	130€	470€	Oui	Oui	T 20265795019700180052	claude.forriere@wanadoo.fr	Chemin de la Pelouse & 18 chemin de Pelouse & 95300 PONTOISE		Senior	Simple Dames	Open	23€ (Jeunes 18€)
PONTOISE TC	Tournoi Open Noêl Pontoise	19/12/2025	04/01/2026	Claude FORRIERE	Résine / Terre battue traditionnelle	130€	470€	Oui	Oui	T 20265795019700180052	claude.forriere@wanadoo.fr	Chemin de la Pelouse & 18 chemin de Pelouse & 95300 PONTOISE		Senior	Simple Messieurs	Open	23€ (Jeunes 18€)
PONTOISE TC	Tournoi Open Noêl Pontoise	19/12/2025	04/01/2026	Claude FORRIERE	Résine / Terre battue traditionnelle	130€	470€	Oui	Oui	T 20265795019700180052	claude.forriere@wanadoo.fr	Chemin de la Pelouse & 18 chemin de Pelouse & 95300 PONTOISE		65	Simple Messieurs	Open	23€
GRETZ TOURNAN SPORTING CLUB	Open Gretz 2026	19/02/2026	15/03/2026	Damien STEICHEN	Résine	600€	200€	Oui	Non	T 20265777001800181682	damsdarts@hotmail.fr	Pierre DAVID & rue de Vignoles & Espace multisoprt & 77220 GRETZ ARMAINVILLIERS		Senior	Simple Dames	Open	20€ (Jeunes 15€)
GRETZ TOURNAN SPORTING CLUB	Open Gretz 2026	19/02/2026	15/03/2026	Damien STEICHEN	Résine	600€	200€	Oui	Non	T 20265777001800181682	damsdarts@hotmail.fr	Pierre DAVID & rue de Vignoles & Espace multisoprt & 77220 GRETZ ARMAINVILLIERS		Senior	Simple Messieurs	Open	20€ (Jeunes 15€)
GRETZ TOURNAN SPORTING CLUB	Open Gretz 2026	19/02/2026	15/03/2026	Damien STEICHEN	Résine	600€	200€	Oui	Non	T 20265777001800181682	damsdarts@hotmail.fr	Pierre DAVID & rue de Vignoles & Espace multisoprt & 77220 GRETZ ARMAINVILLIERS		Senior	Double Mixte	Open	10€ (par joueur)
GRETZ TOURNAN SPORTING CLUB	Open Gretz 2026	19/02/2026	15/03/2026	Damien STEICHEN	Résine	600€	200€	Oui	Non	T 20265777001800181682	damsdarts@hotmail.fr	Pierre DAVID & rue de Vignoles & Espace multisoprt & 77220 GRETZ ARMAINVILLIERS		Senior	Simple Messieurs	Open	0€
GRETZ TOURNAN SPORTING CLUB	Open Gretz 2026	19/02/2026	15/03/2026	Damien STEICHEN	Résine	600€	200€	Oui	Non	T 20265777001800181682	damsdarts@hotmail.fr	Pierre DAVID & rue de Vignoles & Espace multisoprt & 77220 GRETZ ARMAINVILLIERS		Senior	Simple Dames	Open	0€
A.S. CORBEIL ESSONNES	UMGT Corbeil Essonnes	02/11/2025	05/12/2025	Maxime BERNARD	Résine	1 050€	0€	Oui	Oui	T 20265791007300184915	unionmastertour@gmail.com	Corbeil-Essonnes & Stade Roger & 82 quai Jacques Bourgoin & 91100 CORBEIL ESSONNES & 01 64 96 41 29	01 64 96 41 29	Senior	Simple Dames	Open	25€
A.S. CORBEIL ESSONNES	UMGT Corbeil Essonnes	02/11/2025	05/12/2025	Maxime BERNARD	Résine	1 050€	0€	Oui	Oui	T 20265791007300184915	unionmastertour@gmail.com	Corbeil-Essonnes & Stade Roger & 82 quai Jacques Bourgoin & 91100 CORBEIL ESSONNES & 01 64 96 41 29	01 64 96 41 29	Senior	Simple Messieurs	Open	25€
A.S. CORBEIL ESSONNES	UMT Corbeil limité 15	02/11/2025	05/12/2025	Maxime BERNARD	Résine	0€	0€	Oui	Oui	T 20265791007300184937	unionmastertour@gmail.com	Corbeil-Essonnes & Stade Roger & 82 quai Jacques Bourgoin & 91100 CORBEIL ESSONNES & 01 64 96 41 29	01 64 96 41 29	Senior	Simple Messieurs	Open	25€
A.S. CORBEIL ESSONNES	UMT Corbeil limité 15	02/11/2025	05/12/2025	Maxime BERNARD	Résine	0€	0€	Oui	Oui	T 20265791007300184937	unionmastertour@gmail.com	Corbeil-Essonnes & Stade Roger & 82 quai Jacques Bourgoin & 91100 CORBEIL ESSONNES & 01 64 96 41 29	01 64 96 41 29	Senior	Simple Dames	Open	25€
A.S. CORBEIL ESSONNES	UMT Corbeil TMC limité 30 Qualificatif	24/11/2025	27/11/2025	Maxime BERNARD	Résine	0€	0€	Oui	Oui	T 20265791007300184981	unionmastertour@gmail.com	Corbeil-Essonnes & Stade Roger & 82 quai Jacques Bourgoin & 91100 CORBEIL ESSONNES & 01 64 96 41 29	01 64 96 41 29	Senior	Simple Messieurs	Open	50€
A.S. CORBEIL ESSONNES	UMT Corbeil open 2 Semaine et journée	10/11/2025	05/12/2025	Maxime BERNARD	Résine	10€	10€	Oui	Oui	T 20265791007300184941	unionmastertour@gmail.com	Corbeil-Essonnes & Stade Roger & 82 quai Jacques Bourgoin & 91100 CORBEIL ESSONNES & 01 64 96 41 29	01 64 96 41 29	Senior	Simple Messieurs	Open	25€
A.S. CORBEIL ESSONNES	UMT Corbeil open 2 Semaine et journée	10/11/2025	05/12/2025	Maxime BERNARD	Résine	10€	10€	Oui	Oui	T 20265791007300184941	unionmastertour@gmail.com	Corbeil-Essonnes & Stade Roger & 82 quai Jacques Bourgoin & 91100 CORBEIL ESSONNES & 01 64 96 41 29	01 64 96 41 29	Senior	Simple Dames	Open	25€
A.S. CORBEIL ESSONNES	UMT Corbeil noel TMC limité 30	20/12/2025	21/12/2025	Fabrice MEUNIER	Résine	0€	0€	Oui	Oui	T 20265791007300188543	fabricemeunier1970@yahoo.com	Corbeil-Essonnes & Stade Roger & 82 quai Jacques Bourgoin & 91100 CORBEIL ESSONNES & 01 64 96 41 29	01 64 96 41 29	Senior	Simple Messieurs	Open	40€
CD YVELINES	Championnats Individuels Seniors Espérance	24/01/2026	22/02/2026	Maryvonne AYALE	Résine / Béton poreux / Terre battue	0€	0€	Oui	Oui	C 202657L0078000179133	maryvonne.ayale@orange.fr	COMITE DES YVELINES & Chemin du Parc des Sports & 78810 FEUCHEROLLES & 01 30 54 51 12	01 30 54 51 12	Senior	Simple Dames	Open	23€ (Jeunes 15€)
CD YVELINES	Championnats Individuels Seniors Espérance	24/01/2026	22/02/2026	Maryvonne AYALE	Résine / Béton poreux / Terre battue	0€	0€	Oui	Oui	C 202657L0078000179133	maryvonne.ayale@orange.fr	COMITE DES YVELINES & Chemin du Parc des Sports & 78810 FEUCHEROLLES & 01 30 54 51 12	01 30 54 51 12	Senior	Simple Messieurs	Open	23€ (Jeunes 15€)
COUPVRAY VAL D'EUROPE TENNIS CLUB	TCCVE COUPVRAY	12/12/2025	31/12/2025	Thomas MATHIEU	Résine	1 200€	0€	Oui	Oui	T 20265777024000159962	thomasmathieu30@gmail.com	TENNIS COUPVRAY & rue de lesches & 77700 COUPVRAY & 01 60 04 68 91	01 60 04 68 91	Senior	Simple Dames	Open	25€ (Jeunes 20€)
COUPVRAY VAL D'EUROPE TENNIS CLUB	TCCVE COUPVRAY	12/12/2025	31/12/2025	Thomas MATHIEU	Résine	1 200€	0€	Oui	Oui	T 20265777024000159962	thomasmathieu30@gmail.com	TENNIS COUPVRAY & rue de lesches & 77700 COUPVRAY & 01 60 04 68 91	01 60 04 68 91	45	Simple Messieurs	Open	25€
COUPVRAY VAL D'EUROPE TENNIS CLUB	TCCVE COUPVRAY	12/12/2025	31/12/2025	Thomas MATHIEU	Résine	1 200€	0€	Oui	Oui	T 20265777024000159962	thomasmathieu30@gmail.com	TENNIS COUPVRAY & rue de lesches & 77700 COUPVRAY & 01 60 04 68 91	01 60 04 68 91	Senior	Simple Messieurs	Open	25€ (Jeunes 20€)
DAMMARTIN EN GOELE TC LA GOELE	Tournoi 3e série du TCG Dammartin-en-Goële	28/02/2026	08/03/2026	Romain TAMBURRINO	Béton poreux	200€	0€	Oui	Oui	T 20265777011500180449	romain.tamburrino.tennis@gmail.com	Espace Jimmy connors & Stade R Moriceau & Rue de la Libération & 77230 DAMMARTIN EN GOELE & 01 60 03 52 50	01 60 03 52 50	Senior	Simple Messieurs	Open	20€
DAMMARTIN EN GOELE TC LA GOELE	Tournoi 3e série du TCG Dammartin-en-Goële	28/02/2026	08/03/2026	Romain TAMBURRINO	Béton poreux	200€	0€	Oui	Oui	T 20265777011500180449	romain.tamburrino.tennis@gmail.com	Espace Jimmy connors & Stade R Moriceau & Rue de la Libération & 77230 DAMMARTIN EN GOELE & 01 60 03 52 50	01 60 03 52 50	Senior	Simple Dames	Open	20€
DAMMARTIN EN GOELE TC LA GOELE	OPEN THELEM ASSURANCES DU TCG	12/12/2025	04/01/2026	Romain TAMBURRINO	Béton poreux	1 200€	0€	Oui	Oui	T 20265777011500161366	romain.tamburrino.tennis@gmail.com	Espace Jimmy connors & Stade R Moriceau & Rue de la Libération & 77230 DAMMARTIN EN GOELE & 01 60 03 52 50	01 60 03 52 50	Senior	Simple Messieurs	Open	22€ (Jeunes 20€)
DAMMARTIN EN GOELE TC LA GOELE	OPEN THELEM ASSURANCES DU TCG	12/12/2025	04/01/2026	Romain TAMBURRINO	Béton poreux	1 200€	0€	Oui	Oui	T 20265777011500161366	romain.tamburrino.tennis@gmail.com	Espace Jimmy connors & Stade R Moriceau & Rue de la Libération & 77230 DAMMARTIN EN GOELE & 01 60 03 52 50	01 60 03 52 50	Senior	Simple Dames	Open	22€ (Jeunes 20€)
VIARMES ASNIERES TC	TOURNOI OPEN SENIORS F/H ET +35 H DE	17/04/2026	03/05/2026	Wilfried BIGEAT	Résine / Béton poreux	0€	0€	Oui	Oui	T 20265795002000184283	willybigeat@gmail.com	95270_VIARMES & Centre Maspoli & Rue Honoré de Balzac & 95270 VIARMES & 01 30 35 44 22	01 30 35 44 22	35	Simple Messieurs	Open	22€
VIARMES ASNIERES TC	TOURNOI OPEN SENIORS F/H ET +35 H DE	17/04/2026	03/05/2026	Wilfried BIGEAT	Résine / Béton poreux	0€	0€	Oui	Oui	T 20265795002000184283	willybigeat@gmail.com	95270_VIARMES & Centre Maspoli & Rue Honoré de Balzac & 95270 VIARMES & 01 30 35 44 22	01 30 35 44 22	Senior	Simple Dames	Open	22€ (Jeunes 16€)
VIARMES ASNIERES TC	TOURNOI OPEN SENIORS F/H ET +35 H DE	17/04/2026	03/05/2026	Wilfried BIGEAT	Résine / Béton poreux	0€	0€	Oui	Oui	T 20265795002000184283	willybigeat@gmail.com	95270_VIARMES & Centre Maspoli & Rue Honoré de Balzac & 95270 VIARMES & 01 30 35 44 22	01 30 35 44 22	Senior	Simple Messieurs	Open	22€ (Jeunes 16€)
JOCASSIEN TC	TC Jocassien TMC SM	26/12/2025	27/12/2025	Serge BENCISSOU	Résine	80€	40€	Oui	Oui	T 20265795050200176712	sergebncs@gmail.com	T C J & Rue Rossini & 95280 JOUY LE MOUTIER & 06 49 60 06 36	06 49 60 06 36	Senior	Simple Messieurs	Open	40€ (Jeunes 35€)
JOCASSIEN TC	Open d'hiver du TC Jocassien	23/02/2026	15/03/2026	Serge BENCISSOU	Résine	910€	110€	Oui	Oui	T 20265795050200176721	sergebncs@gmail.com	T C J & Rue Rossini & 95280 JOUY LE MOUTIER & 06 49 60 06 36	06 49 60 06 36	35	Simple Messieurs	Open	23€
JOCASSIEN TC	Open d'hiver du TC Jocassien	23/02/2026	15/03/2026	Serge BENCISSOU	Résine	910€	110€	Oui	Oui	T 20265795050200176721	sergebncs@gmail.com	T C J & Rue Rossini & 95280 JOUY LE MOUTIER & 06 49 60 06 36	06 49 60 06 36	Senior	Simple Messieurs	Open	23€ (Jeunes 18€)
JOCASSIEN TC	Open d'hiver du TC Jocassien	23/02/2026	15/03/2026	Serge BENCISSOU	Résine	910€	110€	Oui	Oui	T 20265795050200176721	sergebncs@gmail.com	T C J & Rue Rossini & 95280 JOUY LE MOUTIER & 06 49 60 06 36	06 49 60 06 36	45	Simple Messieurs	Open	23€
JOCASSIEN TC	Open d'hiver du TC Jocassien	23/02/2026	15/03/2026	Serge BENCISSOU	Résine	910€	110€	Oui	Oui	T 20265795050200176721	sergebncs@gmail.com	T C J & Rue Rossini & 95280 JOUY LE MOUTIER & 06 49 60 06 36	06 49 60 06 36	Senior	Simple Dames	Open	23€ (Jeunes 18€)
ADAMOIS (LE TENNIS)	OPEN ETE DE LA VILLE DE L'ISLE ADAM	06/06/2026	28/06/2026	Béatrice DUPONT	Résine / Terre battue traditionnelle	4 000€	150€	Oui	Non	T 20265795047800176514	dupontbeatrice33@gmail.com	95290 L'ISLE ADAM & Avenue Paul Thoureau & 95290 L ISLE ADAM & 01 34 69 18 63	01 34 69 18 63	55	Simple Messieurs	Open	24€
ADAMOIS (LE TENNIS)	OPEN ETE DE LA VILLE DE L'ISLE ADAM	06/06/2026	28/06/2026	Béatrice DUPONT	Résine / Terre battue traditionnelle	4 000€	150€	Oui	Non	T 20265795047800176514	dupontbeatrice33@gmail.com	95290 L'ISLE ADAM & Avenue Paul Thoureau & 95290 L ISLE ADAM & 01 34 69 18 63	01 34 69 18 63	35	Simple Messieurs	Open	24€
ADAMOIS (LE TENNIS)	OPEN ETE DE LA VILLE DE L'ISLE ADAM	06/06/2026	28/06/2026	Béatrice DUPONT	Résine / Terre battue traditionnelle	4 000€	150€	Oui	Non	T 20265795047800176514	dupontbeatrice33@gmail.com	95290 L'ISLE ADAM & Avenue Paul Thoureau & 95290 L ISLE ADAM & 01 34 69 18 63	01 34 69 18 63	Senior	Simple Messieurs	Open	24€ (Jeunes 19€)
ADAMOIS (LE TENNIS)	OPEN ETE DE LA VILLE DE L'ISLE ADAM	06/06/2026	28/06/2026	Béatrice DUPONT	Résine / Terre battue traditionnelle	4 000€	150€	Oui	Non	T 20265795047800176514	dupontbeatrice33@gmail.com	95290 L'ISLE ADAM & Avenue Paul Thoureau & 95290 L ISLE ADAM & 01 34 69 18 63	01 34 69 18 63	65	Simple Messieurs	Open	24€
ADAMOIS (LE TENNIS)	OPEN ETE DE LA VILLE DE L'ISLE ADAM	06/06/2026	28/06/2026	Béatrice DUPONT	Résine / Terre battue traditionnelle	4 000€	150€	Oui	Non	T 20265795047800176514	dupontbeatrice33@gmail.com	95290 L'ISLE ADAM & Avenue Paul Thoureau & 95290 L ISLE ADAM & 01 34 69 18 63	01 34 69 18 63	Senior	Simple Dames	Open	24€ (Jeunes 19€)
ADAMOIS (LE TENNIS)	OPEN ETE DE LA VILLE DE L'ISLE ADAM	06/06/2026	28/06/2026	Béatrice DUPONT	Résine / Terre battue traditionnelle	4 000€	150€	Oui	Non	T 20265795047800176514	dupontbeatrice33@gmail.com	95290 L'ISLE ADAM & Avenue Paul Thoureau & 95290 L ISLE ADAM & 01 34 69 18 63	01 34 69 18 63	45	Simple Messieurs	Open	24€
ADAMOIS (LE TENNIS)	OPEN ETE DE LA VILLE DE L'ISLE ADAM	06/06/2026	28/06/2026	Béatrice DUPONT	Résine / Terre battue traditionnelle	4 000€	150€	Oui	Non	T 20265795047800176514	dupontbeatrice33@gmail.com	95290 L'ISLE ADAM & Avenue Paul Thoureau & 95290 L ISLE ADAM & 01 34 69 18 63	01 34 69 18 63	Senior	Double Mixte	Open	12€ (par joueur)
ADAMOIS (LE TENNIS)	OPEN ETE DE LA VILLE DE L'ISLE ADAM	06/06/2026	28/06/2026	Béatrice DUPONT	Résine / Terre battue traditionnelle	4 000€	150€	Oui	Non	T 20265795047800176514	dupontbeatrice33@gmail.com	95290 L'ISLE ADAM & Avenue Paul Thoureau & 95290 L ISLE ADAM & 01 34 69 18 63	01 34 69 18 63	Senior	Double Messieurs	Open	12€ (par joueur)
ADAMOIS (LE TENNIS)	OPEN ETE DE LA VILLE DE L'ISLE ADAM	06/06/2026	28/06/2026	Béatrice DUPONT	Résine / Terre battue traditionnelle	4 000€	150€	Oui	Non	T 20265795047800176514	dupontbeatrice33@gmail.com	95290 L'ISLE ADAM & Avenue Paul Thoureau & 95290 L ISLE ADAM & 01 34 69 18 63	01 34 69 18 63	Senior	Double Dames	Open	12€ (par joueur)
ADAMOIS (LE TENNIS)	OPEN NOEL TROPHEE DE LA VILLE DE L'ISLE ADAM	20/12/2025	11/01/2026	Nicolas HAROU	Résine / Terre battue traditionnelle	1 600€	600€	Oui	Non	T 20265795047800175119	niko950@hotmail.fr	95290 L'ISLE ADAM & Avenue Paul Thoureau & 95290 L ISLE ADAM & 01 34 69 18 63	01 34 69 18 63	Senior	Simple Dames	Open	23€ (Jeunes 18€)
ADAMOIS (LE TENNIS)	OPEN NOEL TROPHEE DE LA VILLE DE L'ISLE ADAM	20/12/2025	11/01/2026	Nicolas HAROU	Résine / Terre battue traditionnelle	1 600€	600€	Oui	Non	T 20265795047800175119	niko950@hotmail.fr	95290 L'ISLE ADAM & Avenue Paul Thoureau & 95290 L ISLE ADAM & 01 34 69 18 63	01 34 69 18 63	35	Simple Messieurs	Open	23€
ADAMOIS (LE TENNIS)	OPEN NOEL TROPHEE DE LA VILLE DE L'ISLE ADAM	20/12/2025	11/01/2026	Nicolas HAROU	Résine / Terre battue traditionnelle	1 600€	600€	Oui	Non	T 20265795047800175119	niko950@hotmail.fr	95290 L'ISLE ADAM & Avenue Paul Thoureau & 95290 L ISLE ADAM & 01 34 69 18 63	01 34 69 18 63	35	Simple Dames	Open	23€
ADAMOIS (LE TENNIS)	OPEN NOEL TROPHEE DE LA VILLE DE L'ISLE ADAM	20/12/2025	11/01/2026	Nicolas HAROU	Résine / Terre battue traditionnelle	1 600€	600€	Oui	Non	T 20265795047800175119	niko950@hotmail.fr	95290 L'ISLE ADAM & Avenue Paul Thoureau & 95290 L ISLE ADAM & 01 34 69 18 63	01 34 69 18 63	45	Simple Messieurs	Open	23€
ADAMOIS (LE TENNIS)	OPEN NOEL TROPHEE DE LA VILLE DE L'ISLE ADAM	20/12/2025	11/01/2026	Nicolas HAROU	Résine / Terre battue traditionnelle	1 600€	600€	Oui	Non	T 20265795047800175119	niko950@hotmail.fr	95290 L'ISLE ADAM & Avenue Paul Thoureau & 95290 L ISLE ADAM & 01 34 69 18 63	01 34 69 18 63	Senior	Simple Messieurs	Open	23€ (Jeunes 18€)
SERVOIS TENNIS CLUB	Tournoi Open Senior Servois	11/03/2026	06/04/2026	Mathieu LECLERC	Béton poreux	750€	150€	Oui	Oui	T 20265660013300172727	mat.houst@gmail.com	60560_ORRY LA VILLE & 1 rue des Pâturages & 60560 ORRY LA VILLE & 06 86 89 43 33	06 86 89 43 33	Senior	Simple Dames	Open	25€ (Jeunes 20€)
SERVOIS TENNIS CLUB	Tournoi Open Senior Servois	11/03/2026	06/04/2026	Mathieu LECLERC	Béton poreux	750€	150€	Oui	Oui	T 20265660013300172727	mat.houst@gmail.com	60560_ORRY LA VILLE & 1 rue des Pâturages & 60560 ORRY LA VILLE & 06 86 89 43 33	06 86 89 43 33	Senior	Simple Messieurs	Open	25€ (Jeunes 20€)
SERVOIS TENNIS CLUB	Tournoi Open Senior Servois	11/03/2026	06/04/2026	Mathieu LECLERC	Béton poreux	750€	150€	Oui	Oui	T 20265660013300172727	mat.houst@gmail.com	60560_ORRY LA VILLE & 1 rue des Pâturages & 60560 ORRY LA VILLE & 06 86 89 43 33	06 86 89 43 33	35	Simple Messieurs	Open	25€
T.C. ELANCOURT	TMC JOURNEE 9H-16H ELANCOURT	26/01/2026	30/01/2026	Florian BRITZ	Résine	0€	0€	Oui	Oui	T 20265778037800179984	flobritz.lens@gmail.com	TC Elancourt & stade Guy Boniface & 3 allée Guy Boniface & 78990 ELANCOURT & 07 82 04 15 14	07 82 04 15 14	Senior	Simple Messieurs	Open	35€
T.C. ELANCOURT	TMC 30 A 15/2 ELANCOURT	22/12/2025	26/12/2025	Mathieu GIORGI	Résine	0€	0€	Oui	Oui	T 20265778037800159248	mathieu.giorgi.pro@gmail.com	TC Elancourt & stade Guy Boniface & 3 allée Guy Boniface & 78990 ELANCOURT & 07 82 04 15 14	07 82 04 15 14	Senior	Simple Messieurs	Open	35€
CD VAL D'OISE	"""95"" C.I.D - 3ème serie (réservé aux licenciés VDO)"	23/11/2025	29/03/2026	Christine CLIMENT	Résine	0€	0€	Oui	Oui	C 202657L0095000178852	christine.climent@gmail.com	Comité VDO- CERGY & 1 rue des Tournois & 95800 CERGY & 01 34 33 95 00	01 34 33 95 00	Senior	Simple Messieurs	Open	24€ (Jeunes 19€)
CD VAL D'OISE	"""95"" C.I.D - 3ème serie (réservé aux licenciés VDO)"	23/11/2025	29/03/2026	Christine CLIMENT	Résine	0€	0€	Oui	Oui	C 202657L0095000178852	christine.climent@gmail.com	Comité VDO- CERGY & 1 rue des Tournois & 95800 CERGY & 01 34 33 95 00	01 34 33 95 00	Senior	Simple Dames	Open	24€ (Jeunes 19€)
CD VAL D'OISE	"""95"" C.I.D - 4ème serie (réservé aux licenciés VDO)"	08/11/2025	29/03/2026	Laetitia RENAUDIE	Résine	0€	0€	Oui	Oui	C 202657L0095000178832	lae.r@orange.fr	Comité VDO- CERGY & 1 rue des Tournois & 95800 CERGY & 01 34 33 95 00	01 34 33 95 00	Senior	Simple Messieurs	Open	24€ (Jeunes 19€)
CD VAL D'OISE	"""95"" C.I.D - 4ème serie (réservé aux licenciés VDO)"	08/11/2025	29/03/2026	Laetitia RENAUDIE	Résine	0€	0€	Oui	Oui	C 202657L0095000178832	lae.r@orange.fr	Comité VDO- CERGY & 1 rue des Tournois & 95800 CERGY & 01 34 33 95 00	01 34 33 95 00	Senior	Simple Dames	Open	24€ (Jeunes 19€)
VAUREAL TC	TMC Vauréal - Août 2026 - SM et SM+35 de 30 à	21/08/2026	23/08/2026	Clément LEMOINE	Terre artificielle / Résine / Béton	0€	100€	Oui	Non	T 20265795008900168996	clement95.lemoine@gmail.com	TC Vaureal & Parc des sports & 40 avenue Auguste Blanqui & 95490 VAUREAL & 06 50 97 06 51	06 50 97 06 51	35	Simple Messieurs	Open	40€
VAUREAL TC	TMC Vauréal - Août 2026 - SM et SM+35 de 30 à	21/08/2026	23/08/2026	Clément LEMOINE	Terre artificielle / Résine / Béton	0€	100€	Oui	Non	T 20265795008900168996	clement95.lemoine@gmail.com	TC Vaureal & Parc des sports & 40 avenue Auguste Blanqui & 95490 VAUREAL & 06 50 97 06 51	06 50 97 06 51	Senior	Simple Messieurs	Open	40€
LAMORLAYE TENNIS CLUB	OPEN HIVER LAMORLAYE	20/12/2025	04/01/2026	Joël HIARD	Résine / Béton poreux	560€	0€	Oui	Oui	T 20265660009400168598	joel.hiard@wanadoo.fr	60260_LAMORLAYE & Allée des Sports & 60260 LAMORLAYE & 03 44 21 58 01	03 44 21 58 01	Senior	Simple Messieurs	Open	22€ (Jeunes 20€)
LAMORLAYE TENNIS CLUB	OPEN HIVER LAMORLAYE	20/12/2025	04/01/2026	Joël HIARD	Résine / Béton poreux	560€	0€	Oui	Oui	T 20265660009400168598	joel.hiard@wanadoo.fr	60260_LAMORLAYE & Allée des Sports & 60260 LAMORLAYE & 03 44 21 58 01	03 44 21 58 01	Senior	Simple Dames	Open	22€ (Jeunes 20€)
T.C.M. LE MESNIL SAINT DENIS	TMC 12h-17h	08/12/2025	11/12/2025	Brice HAGEGE	Béton poreux	0€	0€	Oui	Non	T 20265778041700187621	brice.hagege@gmail.com	Courts couverts & 17 rue des Moissonneurs & 78320 LE MESNIL ST DENIS		65	Simple Messieurs	Open	40€
T.C.M. LE MESNIL SAINT DENIS	TMC 12h-17h	08/12/2025	11/12/2025	Brice HAGEGE	Béton poreux	0€	0€	Oui	Non	T 20265778041700187621	brice.hagege@gmail.com	Courts couverts & 17 rue des Moissonneurs & 78320 LE MESNIL ST DENIS		Senior	Simple Messieurs	Open	40€
T.C.M. LE MESNIL SAINT DENIS	TMC 12h-17h	08/12/2025	11/12/2025	Brice HAGEGE	Béton poreux	0€	0€	Oui	Non	T 20265778041700187621	brice.hagege@gmail.com	Courts couverts & 17 rue des Moissonneurs & 78320 LE MESNIL ST DENIS		55	Simple Messieurs	Open	40€
T.C.M. LE MESNIL SAINT DENIS	OPEN en journée	03/11/2025	21/11/2025	Brice HAGEGE	Résine / Béton poreux / Gazon	0€	0€	Oui	Non	T 20265778041700184482	brice.hagege@gmail.com	Courts couverts & 17 rue des Moissonneurs & 78320 LE MESNIL ST DENIS		Senior	Simple Dames	Open	25€
T.C.M. LE MESNIL SAINT DENIS	OPEN en journée	03/11/2025	21/11/2025	Brice HAGEGE	Résine / Béton poreux / Gazon	0€	0€	Oui	Non	T 20265778041700184482	brice.hagege@gmail.com	Courts couverts & 17 rue des Moissonneurs & 78320 LE MESNIL ST DENIS		Senior	Simple Messieurs	Open	25€
T.C. BRUYERES LE CHATEL	Tournoi adulte 30/1-2/6	10/10/2025	14/12/2025	Franck VATIER	Résine / Gazon synthétique	150€	0€	Oui	Oui	T 20265791010000176522	franck.vatier@orange.fr	C3S & Rue de l'Eglise & 91680 BRUYERES LE CHATEL		Senior	Simple Messieurs	Open	20€ (Jeunes 15€)
T.C. BRUYERES LE CHATEL	Tournoi adulte 30/1-2/6	10/10/2025	14/12/2025	Franck VATIER	Résine / Gazon synthétique	150€	0€	Oui	Oui	T 20265791010000176522	franck.vatier@orange.fr	C3S & Rue de l'Eglise & 91680 BRUYERES LE CHATEL		Senior	Simple Dames	Open	20€ (Jeunes 15€)
T.C.M. LE MESNIL SAINT DENIS	TMC journée (12h-17h)	01/12/2025	04/12/2025	Brice HAGEGE	Béton poreux	0€	0€	Oui	Non	T 20265778041700185296	brice.hagege@gmail.com	Courts extérieurs & 1 rue Henri Husson / D58 & 78320 LE MESNIL ST DENIS	58 78	55	Simple Messieurs	Open	40€
T.C.M. LE MESNIL SAINT DENIS	TMC journée (12h-17h)	01/12/2025	04/12/2025	Brice HAGEGE	Béton poreux	0€	0€	Oui	Non	T 20265778041700185296	brice.hagege@gmail.com	Courts extérieurs & 1 rue Henri Husson / D58 & 78320 LE MESNIL ST DENIS	58 78	Senior	Simple Messieurs	Open	40€
T.C. MENNECY	TOURNOI TOUSSAINT	18/10/2025	08/11/2025	Christophe CLERGE DUGILLON	Résine	1 100€	350€	Oui	Oui	T 20265791033200176171	cclergedugillon@yahoo.fr	91540_MENNECY & Parc sports Villeroy & 62 bd charles de Gaulle & 91540 MENNECY & 09 63 03 38 27	09 63 03 38 27	Senior	Simple Messieurs	Open	23€ (Jeunes 17€)
T.C. MENNECY	TOURNOI TOUSSAINT	18/10/2025	08/11/2025	Christophe CLERGE DUGILLON	Résine	1 100€	350€	Oui	Oui	T 20265791033200176171	cclergedugillon@yahoo.fr	91540_MENNECY & Parc sports Villeroy & 62 bd charles de Gaulle & 91540 MENNECY & 09 63 03 38 27	09 63 03 38 27	Senior	Simple Dames	Open	23€ (Jeunes 17€)
T.C. MENNECY	TOURNOI TOUSSAINT	18/10/2025	08/11/2025	Christophe CLERGE DUGILLON	Résine	1 100€	350€	Oui	Oui	T 20265791033200176171	cclergedugillon@yahoo.fr	91540_MENNECY & Parc sports Villeroy & 62 bd charles de Gaulle & 91540 MENNECY & 09 63 03 38 27	09 63 03 38 27	Senior	Simple Dames	Open	0€
ST GERMAIN SUR MORIN VAL D'EUROPE	OPEN TCSGVE	23/02/2026	15/03/2026	Dorian LEPERCHER	Résine	250€	100€	Oui	Oui	T 20265777014600186504	dorian.lepercher@gmail.com	77860_ST GERMAIN & Espace Tennis Magali et Frédéric & Route de Montguillon & 77860 ST GERMAIN SUR MORIN & 01 64 63 55 76	01 64 63 55 76	Senior	Simple Dames	Open	23€ (Jeunes 20€)
ST GERMAIN SUR MORIN VAL D'EUROPE	OPEN TCSGVE	23/02/2026	15/03/2026	Dorian LEPERCHER	Résine	250€	100€	Oui	Oui	T 20265777014600186504	dorian.lepercher@gmail.com	77860_ST GERMAIN & Espace Tennis Magali et Frédéric & Route de Montguillon & 77860 ST GERMAIN SUR MORIN & 01 64 63 55 76	01 64 63 55 76	13/14	Simple Messieurs	Open	20€
ST GERMAIN SUR MORIN VAL D'EUROPE	OPEN TCSGVE	23/02/2026	15/03/2026	Dorian LEPERCHER	Résine	250€	100€	Oui	Oui	T 20265777014600186504	dorian.lepercher@gmail.com	77860_ST GERMAIN & Espace Tennis Magali et Frédéric & Route de Montguillon & 77860 ST GERMAIN SUR MORIN & 01 64 63 55 76	01 64 63 55 76	Senior	Simple Messieurs	Open	23€ (Jeunes 20€)
A.T. LA VERRIERE	Tournoi de La Verrière (ATLV) NC à 2/6	09/01/2026	01/02/2026	Sylvie CHARDON	Résine	600€	0€	Oui	Non	T 20265778038800161186	sc78610@gmail.com	78320_LA VERRIERE & parc sportif Philippe Cousteau & rue des Fleurs (parking) & 78320 LA VERRIERE & 06 16 40 64 25	06 16 40 64 25	Senior	Simple Messieurs	Open	20€ (Jeunes 15€)
A.T. LA VERRIERE	Tournoi de La Verrière (ATLV) NC à 2/6	09/01/2026	01/02/2026	Sylvie CHARDON	Résine	600€	0€	Oui	Non	T 20265778038800161186	sc78610@gmail.com	78320_LA VERRIERE & parc sportif Philippe Cousteau & rue des Fleurs (parking) & 78320 LA VERRIERE & 06 16 40 64 25	06 16 40 64 25	Senior	Simple Dames	Open	20€ (Jeunes 15€)
T.C. COUDRAY MONTCEAUX	TMC MESSIEURS 30/2 - 15/4	21/12/2025	23/12/2025	Jeremie CASTAN	Résine / Béton poreux	0€	0€	Oui	Oui	T 20265791004600188526	jerecastan@icloud.com	91830_LE COUDRAY MON & Stade Robert Dautier & 17-19 avenue du Coudray & 91830 LE COUDRAY MONTCEAUX & 06 16 16 31 36	06 16 16 31 36	Senior	Simple Messieurs	Open	33€ (Jeunes 30€)
CERGY TC	Open d'hiver TC CERGY	19/12/2025	04/01/2026	Benjamin SACHSE	Résine	1 200€	0€	Oui	Oui	T 20265795000300181811	bentennis77@gmail.com	Tennis Yannick Noah & Tennis Club de CERGY & 12 avenue du terroir & 95800 CERGY & 01 61 03 28 82	01 61 03 28 82	Senior	Simple Dames	Open	23€ (Jeunes 17€)
CERGY TC	Open d'hiver TC CERGY	19/12/2025	04/01/2026	Benjamin SACHSE	Résine	1 200€	0€	Oui	Oui	T 20265795000300181811	bentennis77@gmail.com	Tennis Yannick Noah & Tennis Club de CERGY & 12 avenue du terroir & 95800 CERGY & 01 61 03 28 82	01 61 03 28 82	Senior	Simple Messieurs	Open	23€ (Jeunes 17€)
CERGY TC	Open d'hiver TC CERGY	19/12/2025	04/01/2026	Benjamin SACHSE	Résine	1 200€	0€	Oui	Oui	T 20265795000300181811	bentennis77@gmail.com	Tennis Yannick Noah & Tennis Club de CERGY & 12 avenue du terroir & 95800 CERGY & 01 61 03 28 82	01 61 03 28 82	45	Simple Messieurs	Open	23€
CHAUCONIN-NEUFMONTIERS TC	Tournoi commun Monthyon CHauconin par poules	11/04/2026	05/07/2026	Pierre GOUDIER	Résine / Béton poreux / Terre battue	0€	250€	Non	Non	T 20265777011200179474	pierre.goudier3@gmail.com	77124_CHAUCONIN NEUF & allée desTilleuls & 77124 CHAUCONIN NEUFMONTIERS		Senior	Simple Dames	Open	10€
CHAUCONIN-NEUFMONTIERS TC	Tournoi commun Monthyon CHauconin par poules	11/04/2026	05/07/2026	Pierre GOUDIER	Résine / Béton poreux / Terre battue	0€	250€	Non	Non	T 20265777011200179474	pierre.goudier3@gmail.com	77124_CHAUCONIN NEUF & allée desTilleuls & 77124 CHAUCONIN NEUFMONTIERS		13/14	Simple Messieurs	Open	10€
CHAUCONIN-NEUFMONTIERS TC	Tournoi commun Monthyon CHauconin par poules	11/04/2026	05/07/2026	Pierre GOUDIER	Résine / Béton poreux / Terre battue	0€	250€	Non	Non	T 20265777011200179474	pierre.goudier3@gmail.com	77124_CHAUCONIN NEUF & allée desTilleuls & 77124 CHAUCONIN NEUFMONTIERS		11/12	Simple Messieurs	Open	10€
CHAUCONIN-NEUFMONTIERS TC	Tournoi commun Monthyon CHauconin par poules	11/04/2026	05/07/2026	Pierre GOUDIER	Résine / Béton poreux / Terre battue	0€	250€	Non	Non	T 20265777011200179474	pierre.goudier3@gmail.com	77124_CHAUCONIN NEUF & allée desTilleuls & 77124 CHAUCONIN NEUFMONTIERS		Senior	Simple Messieurs	Open	10€
CHAUCONIN-NEUFMONTIERS TC	Tournoi commun Monthyon CHauconin par poules	11/04/2026	05/07/2026	Pierre GOUDIER	Résine / Béton poreux / Terre battue	0€	250€	Non	Non	T 20265777011200179474	pierre.goudier3@gmail.com	77124_CHAUCONIN NEUF & allée desTilleuls & 77124 CHAUCONIN NEUFMONTIERS		15/16	Simple Messieurs	Open	10€
CHAUCONIN-NEUFMONTIERS TC	7 eme edition trophée des AS	15/09/2025	16/11/2025	Pierre GOUDIER	Béton poreux	450€	200€	Oui	Non	T 20265777011200159679	pierre.goudier3@gmail.com	77124_CHAUCONIN NEUF & allée desTilleuls & 77124 CHAUCONIN NEUFMONTIERS		Senior	Simple Dames	Open	25€
CHAUCONIN-NEUFMONTIERS TC	7 eme edition trophée des AS	15/09/2025	16/11/2025	Pierre GOUDIER	Béton poreux	450€	200€	Oui	Non	T 20265777011200159679	pierre.goudier3@gmail.com	77124_CHAUCONIN NEUF & allée desTilleuls & 77124 CHAUCONIN NEUFMONTIERS		Senior	Simple Messieurs	Open	25€
CHAUCONIN-NEUFMONTIERS TC	7 eme edition trophée des AS	15/09/2025	16/11/2025	Pierre GOUDIER	Béton poreux	450€	200€	Oui	Non	T 20265777011200159679	pierre.goudier3@gmail.com	77124_CHAUCONIN NEUF & allée desTilleuls & 77124 CHAUCONIN NEUFMONTIERS		55	Simple Dames	Open	25€
CHAUCONIN-NEUFMONTIERS TC	7 eme edition trophée des AS	15/09/2025	16/11/2025	Pierre GOUDIER	Béton poreux	450€	200€	Oui	Non	T 20265777011200159679	pierre.goudier3@gmail.com	77124_CHAUCONIN NEUF & allée desTilleuls & 77124 CHAUCONIN NEUFMONTIERS		55	Simple Messieurs	Open	25€
CHAUCONIN-NEUFMONTIERS TC	7 eme edition trophée des AS	15/09/2025	16/11/2025	Pierre GOUDIER	Béton poreux	450€	200€	Oui	Non	T 20265777011200159679	pierre.goudier3@gmail.com	77124_CHAUCONIN NEUF & allée desTilleuls & 77124 CHAUCONIN NEUFMONTIERS		55	Simple Dames	Open	0€
CHAUCONIN-NEUFMONTIERS TC	7 eme edition trophée des AS	15/09/2025	16/11/2025	Pierre GOUDIER	Béton poreux	450€	200€	Oui	Non	T 20265777011200159679	pierre.goudier3@gmail.com	77124_CHAUCONIN NEUF & allée desTilleuls & 77124 CHAUCONIN NEUFMONTIERS		Senior	Simple Messieurs	Open	0€
CHAUCONIN-NEUFMONTIERS TC	7 eme edition trophée des AS	15/09/2025	16/11/2025	Pierre GOUDIER	Béton poreux	450€	200€	Oui	Non	T 20265777011200159679	pierre.goudier3@gmail.com	77124_CHAUCONIN NEUF & allée desTilleuls & 77124 CHAUCONIN NEUFMONTIERS		55	Simple Messieurs	Open	0€
TENNIS CLUB DE CHAMBLY	Tournoi d hivers de Chambly	04/12/2025	21/12/2025	Séverine GONZALEZ	Résine	400€	200€	Oui	Non	T 20265660045300174041	gonzalez.severine@sfr.fr	TENNIS CLUB CHAMBLY & 149 rue Raymond Joly & 60230 CHAMBLY & 01 74 56 25 75	01 74 56 25 75	Senior	Simple Messieurs	Open	18€ (Jeunes 16€)
TENNIS CLUB DE CHAMBLY	Tournoi d hivers de Chambly	04/12/2025	21/12/2025	Séverine GONZALEZ	Résine	400€	200€	Oui	Non	T 20265660045300174041	gonzalez.severine@sfr.fr	TENNIS CLUB CHAMBLY & 149 rue Raymond Joly & 60230 CHAMBLY & 01 74 56 25 75	01 74 56 25 75	Senior	Simple Dames	Open	18€ (Jeunes 16€)
QUINCY VOISINS TC	Trophée des professions médicales et paramédicale	15/01/2026	30/08/2026	Pierre GOUDIER	Terre artificielle / Béton poreux	0€	425€	Oui	Non	T 20265777012100179491	pierre.goudier3@gmail.com	TCQV & rue René Benoist & 77860 QUINCY VOISINS & 06 28 70 34 50	06 28 70 34 50	Senior	Simple Dames	Open	25€
QUINCY VOISINS TC	Trophée des professions médicales et paramédicale	15/01/2026	30/08/2026	Pierre GOUDIER	Terre artificielle / Béton poreux	0€	425€	Oui	Non	T 20265777012100179491	pierre.goudier3@gmail.com	TCQV & rue René Benoist & 77860 QUINCY VOISINS & 06 28 70 34 50	06 28 70 34 50	Senior	Double Messieurs	Open	13€ (par joueur)
QUINCY VOISINS TC	Trophée des professions médicales et paramédicale	15/01/2026	30/08/2026	Pierre GOUDIER	Terre artificielle / Béton poreux	0€	425€	Oui	Non	T 20265777012100179491	pierre.goudier3@gmail.com	TCQV & rue René Benoist & 77860 QUINCY VOISINS & 06 28 70 34 50	06 28 70 34 50	45	Simple Messieurs	Open	25€
QUINCY VOISINS TC	Trophée des professions médicales et paramédicale	15/01/2026	30/08/2026	Pierre GOUDIER	Terre artificielle / Béton poreux	0€	425€	Oui	Non	T 20265777012100179491	pierre.goudier3@gmail.com	TCQV & rue René Benoist & 77860 QUINCY VOISINS & 06 28 70 34 50	06 28 70 34 50	Senior	Double Mixte	Open	13€ (par joueur)
QUINCY VOISINS TC	Trophée des professions médicales et paramédicale	15/01/2026	30/08/2026	Pierre GOUDIER	Terre artificielle / Béton poreux	0€	425€	Oui	Non	T 20265777012100179491	pierre.goudier3@gmail.com	TCQV & rue René Benoist & 77860 QUINCY VOISINS & 06 28 70 34 50	06 28 70 34 50	60	Simple Messieurs	Open	25€
QUINCY VOISINS TC	Trophée des professions médicales et paramédicale	15/01/2026	30/08/2026	Pierre GOUDIER	Terre artificielle / Béton poreux	0€	425€	Oui	Non	T 20265777012100179491	pierre.goudier3@gmail.com	TCQV & rue René Benoist & 77860 QUINCY VOISINS & 06 28 70 34 50	06 28 70 34 50	45	Simple Dames	Open	25€
QUINCY VOISINS TC	Trophée des professions médicales et paramédicale	15/01/2026	30/08/2026	Pierre GOUDIER	Terre artificielle / Béton poreux	0€	425€	Oui	Non	T 20265777012100179491	pierre.goudier3@gmail.com	TCQV & rue René Benoist & 77860 QUINCY VOISINS & 06 28 70 34 50	06 28 70 34 50	Senior	Simple Messieurs	Open	25€
QUINCY VOISINS TC	Trophée des professions médicales et paramédicale	15/01/2026	30/08/2026	Pierre GOUDIER	Terre artificielle / Béton poreux	0€	425€	Oui	Non	T 20265777012100179491	pierre.goudier3@gmail.com	TCQV & rue René Benoist & 77860 QUINCY VOISINS & 06 28 70 34 50	06 28 70 34 50	Senior	Double Dames	Open	13€ (par joueur)
QUINCY VOISINS TC	Tournoi Open TCQV	04/04/2026	02/05/2026	Luc KOUVTANOVITCH	Terre artificielle / Béton poreux	600€	100€	Oui	Oui	T 20265777012100183147	luc.kouvta@hotmail.fr	TCQV & rue René Benoist & 77860 QUINCY VOISINS & 06 77 51 71 66	06 77 51 71 66	45	Simple Messieurs	Open	23€
QUINCY VOISINS TC	Tournoi Open TCQV	04/04/2026	02/05/2026	Luc KOUVTANOVITCH	Terre artificielle / Béton poreux	600€	100€	Oui	Oui	T 20265777012100183147	luc.kouvta@hotmail.fr	TCQV & rue René Benoist & 77860 QUINCY VOISINS & 06 77 51 71 66	06 77 51 71 66	Senior	Simple Dames	Open	23€
QUINCY VOISINS TC	Tournoi Open TCQV	04/04/2026	02/05/2026	Luc KOUVTANOVITCH	Terre artificielle / Béton poreux	600€	100€	Oui	Oui	T 20265777012100183147	luc.kouvta@hotmail.fr	TCQV & rue René Benoist & 77860 QUINCY VOISINS & 06 77 51 71 66	06 77 51 71 66	Senior	Simple Messieurs	Open	23€
QUINCY VOISINS TC	Tournoi Open TCQV	04/04/2026	02/05/2026	Luc KOUVTANOVITCH	Terre artificielle / Béton poreux	600€	100€	Oui	Oui	T 20265777012100183147	luc.kouvta@hotmail.fr	TCQV & rue René Benoist & 77860 QUINCY VOISINS & 06 77 51 71 66	06 77 51 71 66	45	Simple Dames	Open	23€
VILLENOY VTC	OPEN TERRE DE VILLENOY	07/03/2026	04/04/2026	Yoann DESANGIN	Terre artificielle / Terre battue	600€	200€	Oui	Oui	T 20265777017600180971	tiyoyo77@gmail.com	LA BOUCOTTIERE & 32 rue des closeaux & 77124 VILLENOY & 06 52 14 50 25	06 52 14 50 25	Senior	Simple Messieurs	Open	23€ (Jeunes 20€)
VILLENOY VTC	OPEN TERRE DE VILLENOY	07/03/2026	04/04/2026	Yoann DESANGIN	Terre artificielle / Terre battue	600€	200€	Oui	Oui	T 20265777017600180971	tiyoyo77@gmail.com	LA BOUCOTTIERE & 32 rue des closeaux & 77124 VILLENOY & 06 52 14 50 25	06 52 14 50 25	Senior	Simple Dames	Open	23€ (Jeunes 20€)
CESSON AT VERT ST DENIS	Tournoi de double adulte de Pâques de l'ATCV	18/04/2026	02/05/2026	Nathalie DEGOSSE	Résine / Béton poreux	0€	0€	Oui	Oui	T 20265777047100179637	degosse.nathalie@wanadoo.fr	77240_VERT-ST-DENIS & 13 rue Jean Vilar & 77240 VERT ST DENIS & 06 33 69 04 76	06 33 69 04 76	Senior	Double Mixte	Open	10€ (par joueur)
CESSON AT VERT ST DENIS	Tournoi de double adulte de Pâques de l'ATCV	18/04/2026	02/05/2026	Nathalie DEGOSSE	Résine / Béton poreux	0€	0€	Oui	Oui	T 20265777047100179637	degosse.nathalie@wanadoo.fr	77240_VERT-ST-DENIS & 13 rue Jean Vilar & 77240 VERT ST DENIS & 06 33 69 04 76	06 33 69 04 76	Senior	Double Messieurs	Open	10€ (par joueur)
CESSON AT VERT ST DENIS	Tournoi de double adulte de Pâques de l'ATCV	18/04/2026	02/05/2026	Nathalie DEGOSSE	Résine / Béton poreux	0€	0€	Oui	Oui	T 20265777047100179637	degosse.nathalie@wanadoo.fr	77240_VERT-ST-DENIS & 13 rue Jean Vilar & 77240 VERT ST DENIS & 06 33 69 04 76	06 33 69 04 76	Senior	Double Dames	Open	10€ (par joueur)
E.S.A.M. LES MUREAUX	ESAM LES MUREAUX OPEN	21/02/2026	08/03/2026	Alexandre ALOIZOS	Résine	320€	280€	Oui	Non	T 20265778000500160020	alexandre.aloizos@orange.fr	Les Closeaux & 60 Rue Pierre Curie & 78130 LES MUREAUX		55	Simple Messieurs	Open	20€
E.S.A.M. LES MUREAUX	ESAM LES MUREAUX OPEN	21/02/2026	08/03/2026	Alexandre ALOIZOS	Résine	320€	280€	Oui	Non	T 20265778000500160020	alexandre.aloizos@orange.fr	Les Closeaux & 60 Rue Pierre Curie & 78130 LES MUREAUX		35	Simple Messieurs	Open	20€
E.S.A.M. LES MUREAUX	ESAM LES MUREAUX OPEN	21/02/2026	08/03/2026	Alexandre ALOIZOS	Résine	320€	280€	Oui	Non	T 20265778000500160020	alexandre.aloizos@orange.fr	Les Closeaux & 60 Rue Pierre Curie & 78130 LES MUREAUX		Senior	Simple Dames	Open	20€
E.S.A.M. LES MUREAUX	ESAM LES MUREAUX OPEN	21/02/2026	08/03/2026	Alexandre ALOIZOS	Résine	320€	280€	Oui	Non	T 20265778000500160020	alexandre.aloizos@orange.fr	Les Closeaux & 60 Rue Pierre Curie & 78130 LES MUREAUX		Senior	Simple Messieurs	Open	20€
E.S.A.M. LES MUREAUX	ESAM LES MUREAUX OPEN	14/11/2025	14/12/2025	Jerome BOULERNE	Résine	240€	140€	Oui	Non	T 20265778000500159746	jerome.boulerne@yahoo.fr	Les Closeaux & 60 Rue Pierre Curie & 78130 LES MUREAUX		Senior	Simple Messieurs	Open	20€
E.S.A.M. LES MUREAUX	ESAM LES MUREAUX OPEN	14/11/2025	14/12/2025	Jerome BOULERNE	Résine	240€	140€	Oui	Non	T 20265778000500159746	jerome.boulerne@yahoo.fr	Les Closeaux & 60 Rue Pierre Curie & 78130 LES MUREAUX		Senior	Simple Dames	Open	20€
T.C. MAREIL SUR MAULDRE	TOURNOI OPEN HIVER	14/12/2025	04/01/2026	Roger HINARD	Résine	700€	300€	Oui	Oui	T 20265778003900161368	abcroger78@gmail.com	TCMM & Rue du pain perdu & 78124 MAREIL SUR MAULDRE & 07 49 73 57 74	07 49 73 57 74	60	Simple Messieurs	Open	22€
T.C. MAREIL SUR MAULDRE	TOURNOI OPEN HIVER	14/12/2025	04/01/2026	Roger HINARD	Résine	700€	300€	Oui	Oui	T 20265778003900161368	abcroger78@gmail.com	TCMM & Rue du pain perdu & 78124 MAREIL SUR MAULDRE & 07 49 73 57 74	07 49 73 57 74	55	Simple Messieurs	Open	22€
T.C. MAREIL SUR MAULDRE	TOURNOI OPEN HIVER	14/12/2025	04/01/2026	Roger HINARD	Résine	700€	300€	Oui	Oui	T 20265778003900161368	abcroger78@gmail.com	TCMM & Rue du pain perdu & 78124 MAREIL SUR MAULDRE & 07 49 73 57 74	07 49 73 57 74	Senior	Simple Dames	Open	22€ (Jeunes 18€)
T.C. MAREIL SUR MAULDRE	TOURNOI OPEN HIVER	14/12/2025	04/01/2026	Roger HINARD	Résine	700€	300€	Oui	Oui	T 20265778003900161368	abcroger78@gmail.com	TCMM & Rue du pain perdu & 78124 MAREIL SUR MAULDRE & 07 49 73 57 74	07 49 73 57 74	Senior	Simple Messieurs	Open	22€ (Jeunes 18€)
T.C. MAREIL SUR MAULDRE	TOURNOI OPEN HIVER	14/12/2025	04/01/2026	Roger HINARD	Résine	700€	300€	Oui	Oui	T 20265778003900161368	abcroger78@gmail.com	TCMM & Rue du pain perdu & 78124 MAREIL SUR MAULDRE & 07 49 73 57 74	07 49 73 57 74	45	Simple Messieurs	Open	22€
LE PLESSIS BELLEVILLE TC LOISIRS	Open hiver tcl Plessis 2026	07/02/2026	01/03/2026	Patrick MAZURAN	Résine	480€	50€	Oui	Non	T 20265660016700171198	mazuran.patrick@wanadoo.fr	TCL Plessis Bellevil & Complexe Sportif & 10, Rue de Verdun & 60330 LE PLESSIS BELLEVILLE & 03 44 60 55 50	03 44 60 55 50	Senior	Simple Dames	Open	22€
LE PLESSIS BELLEVILLE TC LOISIRS	Open hiver tcl Plessis 2026	07/02/2026	01/03/2026	Patrick MAZURAN	Résine	480€	50€	Oui	Non	T 20265660016700171198	mazuran.patrick@wanadoo.fr	TCL Plessis Bellevil & Complexe Sportif & 10, Rue de Verdun & 60330 LE PLESSIS BELLEVILLE & 03 44 60 55 50	03 44 60 55 50	Senior	Simple Messieurs	Open	22€
T.C. MAULE	SM NC-15/1, SD NC-15/1 et SM+45 NC-30/1	13/12/2025	04/01/2026	Pascal julien SOUILLER	Terre artificielle / Résine / Béton	200€	200€	Oui	Oui	T 20265778036500161262	souiller.julien@gmail.com	INS_10945 & Stade du Radet & Route du Radet & 78580 MAULE		Senior	Simple Dames	Open	22€ (Jeunes 15€)
T.C. MAULE	SM NC-15/1, SD NC-15/1 et SM+45 NC-30/1	13/12/2025	04/01/2026	Pascal julien SOUILLER	Terre artificielle / Résine / Béton	200€	200€	Oui	Oui	T 20265778036500161262	souiller.julien@gmail.com	INS_10945 & Stade du Radet & Route du Radet & 78580 MAULE		45	Simple Messieurs	Open	22€
T.C. MAULE	SM NC-15/1, SD NC-15/1 et SM+45 NC-30/1	13/12/2025	04/01/2026	Pascal julien SOUILLER	Terre artificielle / Résine / Béton	200€	200€	Oui	Oui	T 20265778036500161262	souiller.julien@gmail.com	INS_10945 & Stade du Radet & Route du Radet & 78580 MAULE		Senior	Simple Messieurs	Open	22€ (Jeunes 15€)
LES ESSARTS T.C.	tournoi de hiver	14/02/2026	08/03/2026	Cyril CONTY	Résine	600€	120€	Oui	Oui	T 20265778047300158569	cyrilconty@hotmail.com	Essarts Tennis Club & stade Charpentier & 19, rue de rome & 78690 LES ESSARTS LE ROI & 06 70 11 25 77	06 70 11 25 77	55	Simple Messieurs	Open	18€
LES ESSARTS T.C.	tournoi de hiver	14/02/2026	08/03/2026	Cyril CONTY	Résine	600€	120€	Oui	Oui	T 20265778047300158569	cyrilconty@hotmail.com	Essarts Tennis Club & stade Charpentier & 19, rue de rome & 78690 LES ESSARTS LE ROI & 06 70 11 25 77	06 70 11 25 77	Senior	Simple Messieurs	Open	18€
LES ESSARTS T.C.	tournoi de hiver	14/02/2026	08/03/2026	Cyril CONTY	Résine	600€	120€	Oui	Oui	T 20265778047300158569	cyrilconty@hotmail.com	Essarts Tennis Club & stade Charpentier & 19, rue de rome & 78690 LES ESSARTS LE ROI & 06 70 11 25 77	06 70 11 25 77	Senior	Simple Dames	Open	18€
LES ESSARTS T.C.	tournoi de hiver	14/02/2026	08/03/2026	Cyril CONTY	Résine	600€	120€	Oui	Oui	T 20265778047300158569	cyrilconty@hotmail.com	Essarts Tennis Club & stade Charpentier & 19, rue de rome & 78690 LES ESSARTS LE ROI & 06 70 11 25 77	06 70 11 25 77	35	Simple Messieurs	Open	18€
LES ESSARTS T.C.	tournoi de hiver	14/02/2026	08/03/2026	Cyril CONTY	Résine	600€	120€	Oui	Oui	T 20265778047300158569	cyrilconty@hotmail.com	Essarts Tennis Club & stade Charpentier & 19, rue de rome & 78690 LES ESSARTS LE ROI & 06 70 11 25 77	06 70 11 25 77	45	Simple Dames	Open	18€
LES ESSARTS T.C.	tournoi de hiver	14/02/2026	08/03/2026	Cyril CONTY	Résine	600€	120€	Oui	Oui	T 20265778047300158569	cyrilconty@hotmail.com	Essarts Tennis Club & stade Charpentier & 19, rue de rome & 78690 LES ESSARTS LE ROI & 06 70 11 25 77	06 70 11 25 77	45	Simple Messieurs	Open	18€
T.C.M. FLINS	OPEN TMC FLINS HIVER	15/12/2025	04/01/2026	Thierry BREDZINSKI	Résine	300€	150€	Oui	Non	T 20265778006100160996	t.bredzinski@free.fr	Courts Couverts & 53 rue des Bleuets & 78410 Flins sur Seine & 07 66 01 49 57	07 66 01 49 57	45	Simple Messieurs	Open	23€
T.C.M. FLINS	OPEN TMC FLINS HIVER	15/12/2025	04/01/2026	Thierry BREDZINSKI	Résine	300€	150€	Oui	Non	T 20265778006100160996	t.bredzinski@free.fr	Courts Couverts & 53 rue des Bleuets & 78410 Flins sur Seine & 07 66 01 49 57	07 66 01 49 57	Senior	Simple Messieurs	Open	23€ (Jeunes 19€)
T.C.M. FLINS	OPEN TMC FLINS HIVER	15/12/2025	04/01/2026	Thierry BREDZINSKI	Résine	300€	150€	Oui	Non	T 20265778006100160996	t.bredzinski@free.fr	Courts Couverts & 53 rue des Bleuets & 78410 Flins sur Seine & 07 66 01 49 57	07 66 01 49 57	Senior	Simple Dames	Open	23€ (Jeunes 19€)
T.C.M. FLINS	OPEN TMC FLINS HIVER	15/12/2025	04/01/2026	Thierry BREDZINSKI	Résine	300€	150€	Oui	Non	T 20265778006100160996	t.bredzinski@free.fr	Courts Couverts & 53 rue des Bleuets & 78410 Flins sur Seine & 07 66 01 49 57	07 66 01 49 57	35	Simple Messieurs	Open	23€
T.C.M. FLINS	OPEN TMC FLINS HIVER	15/12/2025	04/01/2026	Thierry BREDZINSKI	Résine	300€	150€	Oui	Non	T 20265778006100160996	t.bredzinski@free.fr	Courts Couverts & 53 rue des Bleuets & 78410 Flins sur Seine & 07 66 01 49 57	07 66 01 49 57	55	Simple Messieurs	Open	23€
T.C.M. FLINS	DOUBLE MIXTE	16/02/2026	01/03/2026	Thierry BREDZINSKI	Résine	0€	0€	Oui	Non	T 20265778006100161000	t.bredzinski@free.fr	Courts Couverts & 53 rue des Bleuets & 78410 Flins sur Seine & 07 66 01 49 57	07 66 01 49 57	Senior	Double Mixte	Open	27€ (par joueur)
NANTEUIL LES MEAUX TC	Tournoi de double	24/10/2025	01/02/2026	Pascal LECOINTRE	Résine / Béton poreux	90€	0€	Oui	Non	T 20265777003200162546	p.lecointre77@gmail.com	Club de Tennis & Rue des Bruyères & 77100 NANTEUIL LES MEAUX & 01 64 33 52 72	01 64 33 52 72	Senior	Double Messieurs	Open	13€ (par joueur)
NANTEUIL LES MEAUX TC	Tournoi de double	24/10/2025	01/02/2026	Pascal LECOINTRE	Résine / Béton poreux	90€	0€	Oui	Non	T 20265777003200162546	p.lecointre77@gmail.com	Club de Tennis & Rue des Bruyères & 77100 NANTEUIL LES MEAUX & 01 64 33 52 72	01 64 33 52 72	Senior	Double Dames	Open	13€ (par joueur)
NANTEUIL LES MEAUX TC	Tournoi de double	24/10/2025	01/02/2026	Pascal LECOINTRE	Résine / Béton poreux	90€	0€	Oui	Non	T 20265777003200162546	p.lecointre77@gmail.com	Club de Tennis & Rue des Bruyères & 77100 NANTEUIL LES MEAUX & 01 64 33 52 72	01 64 33 52 72	Senior	Double Mixte	Open	13€ (par joueur)
TENNIS AUBERGENVILLE CLUB	TOURNOI HIVER	06/02/2026	28/02/2026	Raphael POULIQUEN	Résine / Béton poreux	400€	100€	Oui	Oui	T 20265778001400161170	Raphael361@hotmail.fr	Courts Couverts & D113 & 78410 AUBERGENVILLE & 06 98 61 41 42	13 78	Senior	Simple Messieurs	Open	22€
TENNIS AUBERGENVILLE CLUB	TOURNOI HIVER	06/02/2026	28/02/2026	Raphael POULIQUEN	Résine / Béton poreux	400€	100€	Oui	Oui	T 20265778001400161170	Raphael361@hotmail.fr	Courts Couverts & D113 & 78410 AUBERGENVILLE & 06 98 61 41 42	13 78	Senior	Simple Dames	Open	22€
VAUX LE PENIL US	Tournoi D'Hiver USV Tennis	20/12/2025	11/01/2026	Didier LEVASSEUR	Résine	720€	0€	Oui	Oui	T 20265777041000163096	didier.ch.levasseur@gmail.com	Tennis VLP & rue du 8 mai 1945 & 77000 VAUX LE PENIL & 01 64 09 11 11	45 77	Senior	Simple Messieurs	Open	22€ (Jeunes 18€)
MARINES (TC)	Tournoi Open du Printemps	05/06/2026	21/06/2026	Stéphane PETIT	Résine / Béton poreux	0€	0€	Oui	Non	T 20265795047900178377	stef-petit@orange.fr	Tennis Club Marines & Stade municipal & 11 rue de la métairie & 95640 MARINES & 01 30 39 94 29	01 30 39 94 29	Senior	Simple Dames	Open	22€ (Jeunes 16€)
MARINES (TC)	Tournoi Open du Printemps	05/06/2026	21/06/2026	Stéphane PETIT	Résine / Béton poreux	0€	0€	Oui	Non	T 20265795047900178377	stef-petit@orange.fr	Tennis Club Marines & Stade municipal & 11 rue de la métairie & 95640 MARINES & 01 30 39 94 29	01 30 39 94 29	Senior	Simple Messieurs	Open	22€ (Jeunes 16€)
MARINES (TC)	Tournoi Open JOURNEE et SEMAINE	09/03/2026	29/03/2026	Stéphane PETIT	Résine	400€	200€	Oui	Non	T 20265795047900178374	stef-petit@orange.fr	Tennis Club Marines & Stade municipal & 11 rue de la métairie & 95640 MARINES & 01 30 39 94 29	01 30 39 94 29	Senior	Simple Dames	Open	22€ (Jeunes 16€)
MARINES (TC)	Tournoi Open JOURNEE et SEMAINE	09/03/2026	29/03/2026	Stéphane PETIT	Résine	400€	200€	Oui	Non	T 20265795047900178374	stef-petit@orange.fr	Tennis Club Marines & Stade municipal & 11 rue de la métairie & 95640 MARINES & 01 30 39 94 29	01 30 39 94 29	Senior	Simple Messieurs	Open	22€ (Jeunes 16€)
MARINES (TC)	Tournoi Open d'Hiver	20/02/2026	08/03/2026	Stéphane PETIT	Résine	400€	200€	Oui	Non	T 20265795047900178373	stef-petit@orange.fr	Tennis Club Marines & Stade municipal & 11 rue de la métairie & 95640 MARINES & 01 30 39 94 29	01 30 39 94 29	Senior	Simple Messieurs	Open	22€ (Jeunes 16€)
MARINES (TC)	Tournoi Open d'Hiver	20/02/2026	08/03/2026	Stéphane PETIT	Résine	400€	200€	Oui	Non	T 20265795047900178373	stef-petit@orange.fr	Tennis Club Marines & Stade municipal & 11 rue de la métairie & 95640 MARINES & 01 30 39 94 29	01 30 39 94 29	Senior	Simple Dames	Open	22€ (Jeunes 16€)
MONTATAIRE TENNIS CLUB	TMC DE MONTATAIRE 30 A 15/2	22/02/2026	22/02/2026	David JEHANNE	Résine / Gazon synthétique	0€	50€	Oui	Oui	T 20265660008800167696	david.jehanne@laposte.net	TC MONTATAIRE & 2 Avenue Guy Moquet & 60160 MONTATAIRE & 06 75 30 50 96	06 75 30 50 96	Senior	Simple Messieurs	Open	25€
LA ROCHETTE TENNIS CLUB ROCHETTOIS 77	TMC 30/3 15/5 TC Rochettois	17/01/2026	18/01/2026	Paul SPRENGELMEIJER	Terre battue traditionnelle	0€	0€	Oui	Non	T 20265777051300186970	paul_willem1@hotmail.com	TC Rochettois 77 & 3 allée du murier & 77000 LA ROCHETTE		Senior	Simple Messieurs	Open	35€
COMITE OISE TENNIS	CHPT INDIV OISE TE DAMES ET MESSIEURS	15/11/2025	11/04/2026	Marc GINFRAY	Terre battue traditionnelle	0€	0€	Oui	Oui	C 202656L0060000183567	marc.ginfray@gmail.com	COMITE OISE TENNIS & 12, rue de Verdun & 60100 CREIL & 03 44 73 65 73	03 44 73 65 73	Senior	Simple Messieurs	Open	15€
COMITE OISE TENNIS	CHPT INDIV OISE TE DAMES ET MESSIEURS	15/11/2025	11/04/2026	Marc GINFRAY	Terre battue traditionnelle	0€	0€	Oui	Oui	C 202656L0060000183567	marc.ginfray@gmail.com	COMITE OISE TENNIS & 12, rue de Verdun & 60100 CREIL & 03 44 73 65 73	03 44 73 65 73	Senior	Simple Dames	Open	15€
COMITE OISE TENNIS	CHPT INDIV OISE SENIORS 3E SERIE MESSIEURS	01/11/2025	11/04/2026	Tiziano BERTINI	Terre battue traditionnelle	0€	0€	Oui	Oui	C 202656L0060000179601	tizianobertini@aol.com	COMITE OISE TENNIS & 12, rue de Verdun & 60100 CREIL & 03 44 73 65 73	03 44 73 65 73	Senior	Simple Messieurs	Open	15€
CLUB AMICAL DE TENNIS DE CREIL	CNGT de CREIL 2025	08/11/2025	07/12/2025	Olivier VOISIN	Terre battue traditionnelle	4 000€	0€	Oui	Non	T 20265660002200166769	voisinolivier@free.fr	60100 CREIL & Club Amical Tennis de Creil & 12 rue de Verdun & 60100 CREIL & 03 44 25 28 28	03 44 25 28 28	Senior	Simple Messieurs	Open	25€
MERU TENNIS CLUB	TOURNOI d'été challenge DLSI	21/06/2026	05/07/2026	Guillaume VIOLETTE	Béton poreux / Terre battue	430€	0€	Oui	Oui	T 20265660002600167821	guillaumeviolette@gmail.com	60110_MERU & 4 rue Maurice CESAR & 60110 MERU & 03 44 22 11 07	03 44 22 11 07	35	Simple Dames	Open	15€
MERU TENNIS CLUB	TOURNOI d'été challenge DLSI	21/06/2026	05/07/2026	Guillaume VIOLETTE	Béton poreux / Terre battue	430€	0€	Oui	Oui	T 20265660002600167821	guillaumeviolette@gmail.com	60110_MERU & 4 rue Maurice CESAR & 60110 MERU & 03 44 22 11 07	03 44 22 11 07	35	Simple Messieurs	Open	15€
MERU TENNIS CLUB	TOURNOI d'été challenge DLSI	21/06/2026	05/07/2026	Guillaume VIOLETTE	Béton poreux / Terre battue	430€	0€	Oui	Oui	T 20265660002600167821	guillaumeviolette@gmail.com	60110_MERU & 4 rue Maurice CESAR & 60110 MERU & 03 44 22 11 07	03 44 22 11 07	Senior	Simple Messieurs	Open	15€ (Jeunes 10€)
MERU TENNIS CLUB	TOURNOI d'été challenge DLSI	21/06/2026	05/07/2026	Guillaume VIOLETTE	Béton poreux / Terre battue	430€	0€	Oui	Oui	T 20265660002600167821	guillaumeviolette@gmail.com	60110_MERU & 4 rue Maurice CESAR & 60110 MERU & 03 44 22 11 07	03 44 22 11 07	Senior	Simple Dames	Open	15€ (Jeunes 10€)
MERU TENNIS CLUB	CHALLENGE PREVOTE	21/03/2026	06/04/2026	Guillaume VIOLETTE	Béton poreux	4 600€	0€	Oui	Oui	T 20265660002600168082	guillaumeviolette@gmail.com	60110_MERU & 4 rue Maurice CESAR & 60110 MERU & 03 44 22 11 07	03 44 22 11 07	Senior	Simple Dames	Open	20€ (Jeunes 18€)
MERU TENNIS CLUB	CHALLENGE PREVOTE	21/03/2026	06/04/2026	Guillaume VIOLETTE	Béton poreux	4 600€	0€	Oui	Oui	T 20265660002600168082	guillaumeviolette@gmail.com	60110_MERU & 4 rue Maurice CESAR & 60110 MERU & 03 44 22 11 07	03 44 22 11 07	Senior	Simple Messieurs	Open	20€ (Jeunes 18€)
MERU TENNIS CLUB	CHALLENGE PREVOTE	21/03/2026	06/04/2026	Guillaume VIOLETTE	Béton poreux	4 600€	0€	Oui	Oui	T 20265660002600168082	guillaumeviolette@gmail.com	60110_MERU & 4 rue Maurice CESAR & 60110 MERU & 03 44 22 11 07	03 44 22 11 07	35	Simple Dames	Open	20€
MERU TENNIS CLUB	CHALLENGE PREVOTE	21/03/2026	06/04/2026	Guillaume VIOLETTE	Béton poreux	4 600€	0€	Oui	Oui	T 20265660002600168082	guillaumeviolette@gmail.com	60110_MERU & 4 rue Maurice CESAR & 60110 MERU & 03 44 22 11 07	03 44 22 11 07	35	Simple Messieurs	Open	20€
T.C. FLEURINES	Tournoi de Fleurines	10/06/2026	04/07/2026	Victorien LEMAIRE	Résine / Béton poreux	300€	200€	Oui	Non	T 20265660012100170491	lemairevictorien12@gmail.com	60700_FLEURINES & Route de Verneuil & 60700 FLEURINES		45	Simple Messieurs	Open	20€
T.C. FLEURINES	Tournoi de Fleurines	10/06/2026	04/07/2026	Victorien LEMAIRE	Résine / Béton poreux	300€	200€	Oui	Non	T 20265660012100170491	lemairevictorien12@gmail.com	60700_FLEURINES & Route de Verneuil & 60700 FLEURINES		Senior	Simple Dames	Open	20€ (Jeunes 18€)
T.C. FLEURINES	Tournoi de Fleurines	10/06/2026	04/07/2026	Victorien LEMAIRE	Résine / Béton poreux	300€	200€	Oui	Non	T 20265660012100170491	lemairevictorien12@gmail.com	60700_FLEURINES & Route de Verneuil & 60700 FLEURINES		Senior	Simple Messieurs	Open	20€ (Jeunes 18€)
T.C. FLEURINES	Tournoi de Fleurines	10/06/2026	04/07/2026	Victorien LEMAIRE	Résine / Béton poreux	300€	200€	Oui	Non	T 20265660012100170491	lemairevictorien12@gmail.com	60700_FLEURINES & Route de Verneuil & 60700 FLEURINES		35	Simple Messieurs	Open	20€
NOGENT SUR OISE T.M.	TOURNOI OPEN TMNO	07/02/2026	01/03/2026	Vanessa ESTEVE	Résine	450€	150€	Oui	Non	T 20265660012600168797	vanessa_esteve@hotmail.fr	T.M. NOGENT sur OISE & Complexe G. Lenne & 150 avenue de l'Europe & 60180 NOGENT sur OISE & 03 44 55 08 94	03 44 55 08 94	60	Simple Messieurs	Open	24€
NOGENT SUR OISE T.M.	TOURNOI OPEN TMNO	07/02/2026	01/03/2026	Vanessa ESTEVE	Résine	450€	150€	Oui	Non	T 20265660012600168797	vanessa_esteve@hotmail.fr	T.M. NOGENT sur OISE & Complexe G. Lenne & 150 avenue de l'Europe & 60180 NOGENT sur OISE & 03 44 55 08 94	03 44 55 08 94	45	Simple Dames	Open	24€
NOGENT SUR OISE T.M.	TOURNOI OPEN TMNO	07/02/2026	01/03/2026	Vanessa ESTEVE	Résine	450€	150€	Oui	Non	T 20265660012600168797	vanessa_esteve@hotmail.fr	T.M. NOGENT sur OISE & Complexe G. Lenne & 150 avenue de l'Europe & 60180 NOGENT sur OISE & 03 44 55 08 94	03 44 55 08 94	Senior	Simple Messieurs	Open	24€ (Jeunes 20€)
NOGENT SUR OISE T.M.	TOURNOI OPEN TMNO	07/02/2026	01/03/2026	Vanessa ESTEVE	Résine	450€	150€	Oui	Non	T 20265660012600168797	vanessa_esteve@hotmail.fr	T.M. NOGENT sur OISE & Complexe G. Lenne & 150 avenue de l'Europe & 60180 NOGENT sur OISE & 03 44 55 08 94	03 44 55 08 94	Senior	Simple Dames	Open	24€ (Jeunes 20€)
NOGENT SUR OISE T.M.	TOURNOI OPEN TMNO	07/02/2026	01/03/2026	Vanessa ESTEVE	Résine	450€	150€	Oui	Non	T 20265660012600168797	vanessa_esteve@hotmail.fr	T.M. NOGENT sur OISE & Complexe G. Lenne & 150 avenue de l'Europe & 60180 NOGENT sur OISE & 03 44 55 08 94	03 44 55 08 94	45	Simple Messieurs	Open	24€
T.C. RAMBOUILLET	TMC journée 30/1-15/4	29/12/2025	31/12/2025	Virginie BOUCHER	Résine / Béton poreux	0€	0€	Oui	Oui	T 20265778020600175169	vsamboucher@yahoo.fr	TENNIS RAMBOUILLET & 38 rue des fontaines & 78120 RAMBOUILLET & 01 30 41 83 01	01 30 41 83 01	17/18	Simple Messieurs	Open	26€
T.C. RAMBOUILLET	TMC journée 30/1-15/4	29/12/2025	31/12/2025	Virginie BOUCHER	Résine / Béton poreux	0€	0€	Oui	Oui	T 20265778020600175169	vsamboucher@yahoo.fr	TENNIS RAMBOUILLET & 38 rue des fontaines & 78120 RAMBOUILLET & 01 30 41 83 01	01 30 41 83 01	Senior	Simple Messieurs	Open	30€ (Jeunes 26€)
T.C. RAMBOUILLET	TMC journée 30/1-15/4	29/12/2025	31/12/2025	Virginie BOUCHER	Résine / Béton poreux	0€	0€	Oui	Oui	T 20265778020600175169	vsamboucher@yahoo.fr	TENNIS RAMBOUILLET & 38 rue des fontaines & 78120 RAMBOUILLET & 01 30 41 83 01	01 30 41 83 01	15/16	Simple Messieurs	Open	26€
ST JEAN CHANGIS PAYS FERTOIS TC	Tournoi Open de Noël TC St Jean Changis	19/12/2025	04/01/2026	Alexandre VELLY	Résine	300€	266€	Oui	Oui	T 20265777005700186050	vellyalex@yahoo.fr	Courts Changis & rue de l'Ormois & 77660 CHANGIS SUR MARNE & 06 61 98 17 31	06 61 98 17 31	60	Simple Messieurs	Open	22€
ST JEAN CHANGIS PAYS FERTOIS TC	Tournoi Open de Noël TC St Jean Changis	19/12/2025	04/01/2026	Alexandre VELLY	Résine	300€	266€	Oui	Oui	T 20265777005700186050	vellyalex@yahoo.fr	Courts Changis & rue de l'Ormois & 77660 CHANGIS SUR MARNE & 06 61 98 17 31	06 61 98 17 31	Senior	Simple Dames	Open	22€ (Jeunes 20€)
ST JEAN CHANGIS PAYS FERTOIS TC	Tournoi Open de Noël TC St Jean Changis	19/12/2025	04/01/2026	Alexandre VELLY	Résine	300€	266€	Oui	Oui	T 20265777005700186050	vellyalex@yahoo.fr	Courts Changis & rue de l'Ormois & 77660 CHANGIS SUR MARNE & 06 61 98 17 31	06 61 98 17 31	Senior	Simple Messieurs	Open	22€ (Jeunes 20€)
